-- phpMyAdmin SQL Dump
-- version 4.8.4
-- https://www.phpmyadmin.net/
--
-- Host: localhost
-- Generation Time: Dec 28, 2018 at 02:37 PM
-- Server version: 5.7.24-0ubuntu0.18.04.1
-- PHP Version: 7.2.11-4+ubuntu18.04.1+deb.sury.org+1

SET SQL_MODE = "NO_AUTO_VALUE_ON_ZERO";
SET AUTOCOMMIT = 0;
START TRANSACTION;
SET time_zone = "+00:00";


/*!40101 SET @OLD_CHARACTER_SET_CLIENT=@@CHARACTER_SET_CLIENT */;
/*!40101 SET @OLD_CHARACTER_SET_RESULTS=@@CHARACTER_SET_RESULTS */;
/*!40101 SET @OLD_COLLATION_CONNECTION=@@COLLATION_CONNECTION */;
/*!40101 SET NAMES utf8mb4 */;

--
-- Database: `eapi`
--

-- --------------------------------------------------------

--
-- Table structure for table `migrations`
--

CREATE TABLE `migrations` (
  `id` int(10) UNSIGNED NOT NULL,
  `migration` varchar(255) COLLATE utf8mb4_unicode_ci NOT NULL,
  `batch` int(11) NOT NULL
) ENGINE=InnoDB DEFAULT CHARSET=utf8mb4 COLLATE=utf8mb4_unicode_ci;

--
-- Dumping data for table `migrations`
--

INSERT INTO `migrations` (`id`, `migration`, `batch`) VALUES
(1, '2014_10_12_000000_create_users_table', 1),
(2, '2014_10_12_100000_create_password_resets_table', 1),
(3, '2018_12_28_100303_create_products_table', 1),
(4, '2018_12_28_100326_create_reviews_table', 1);

-- --------------------------------------------------------

--
-- Table structure for table `password_resets`
--

CREATE TABLE `password_resets` (
  `email` varchar(255) COLLATE utf8mb4_unicode_ci NOT NULL,
  `token` varchar(255) COLLATE utf8mb4_unicode_ci NOT NULL,
  `created_at` timestamp NULL DEFAULT NULL
) ENGINE=InnoDB DEFAULT CHARSET=utf8mb4 COLLATE=utf8mb4_unicode_ci;

-- --------------------------------------------------------

--
-- Table structure for table `products`
--

CREATE TABLE `products` (
  `id` int(10) UNSIGNED NOT NULL,
  `name` varchar(255) COLLATE utf8mb4_unicode_ci NOT NULL,
  `detail` text COLLATE utf8mb4_unicode_ci NOT NULL,
  `price` int(11) NOT NULL,
  `stock` int(11) NOT NULL,
  `discount` int(11) NOT NULL,
  `created_at` timestamp NULL DEFAULT NULL,
  `updated_at` timestamp NULL DEFAULT NULL
) ENGINE=InnoDB DEFAULT CHARSET=utf8mb4 COLLATE=utf8mb4_unicode_ci;

--
-- Dumping data for table `products`
--

INSERT INTO `products` (`id`, `name`, `detail`, `price`, `stock`, `discount`, `created_at`, `updated_at`) VALUES
(1, 'eum', 'Ea explicabo eius rerum qui in quidem. Vero dolor nostrum ut maxime. Quo vel illo est aperiam architecto blanditiis.', 860, 5, 25, '2018-12-28 14:33:13', '2018-12-28 14:33:13'),
(2, 'nisi', 'Qui velit sit deserunt nulla cumque impedit facilis. Cum eos aut sunt nihil id perspiciatis. Veniam natus perferendis culpa nihil repudiandae commodi voluptas.', 558, 9, 19, '2018-12-28 14:33:13', '2018-12-28 14:33:13'),
(3, 'explicabo', 'Dicta laboriosam non sed repellendus voluptatem ut magni. Maiores sequi placeat aut ducimus aperiam ea quam. Qui quos debitis maiores ullam officiis maxime ipsam quis.', 526, 4, 9, '2018-12-28 14:33:13', '2018-12-28 14:33:13'),
(4, 'sed', 'Explicabo voluptatem et eum qui est. Expedita quia eaque inventore a. Aut sint officia architecto unde minima. Sapiente et voluptas consequatur.', 447, 2, 0, '2018-12-28 14:33:13', '2018-12-28 14:33:13'),
(5, 'dolorem', 'Alias consequuntur doloribus aliquid corrupti consequatur non consequatur. Possimus officiis beatae incidunt temporibus. Optio omnis eveniet in voluptatibus distinctio dolore non.', 934, 8, 14, '2018-12-28 14:33:13', '2018-12-28 14:33:13'),
(6, 'beatae', 'Earum in explicabo et saepe similique enim. Sint corporis dolores nesciunt cupiditate molestiae.', 352, 7, 24, '2018-12-28 14:33:13', '2018-12-28 14:33:13'),
(7, 'possimus', 'Asperiores inventore qui et recusandae et occaecati magni. Occaecati non sit impedit.', 200, 2, 5, '2018-12-28 14:33:13', '2018-12-28 14:33:13'),
(8, 'voluptatem', 'Ea similique mollitia saepe. Aut sit voluptas nobis fuga dignissimos iure. Ab repellendus quia qui qui sapiente nam. Eos quia cupiditate dignissimos optio unde ut ut optio. Consequuntur nihil eos eius aliquam perspiciatis accusantium beatae.', 993, 1, 14, '2018-12-28 14:33:13', '2018-12-28 14:33:13'),
(9, 'hic', 'Aut placeat eveniet aut et. Eveniet sed maxime earum magni deleniti. Minima expedita delectus sit dolorem facilis recusandae. Placeat architecto iste assumenda omnis in porro tempora suscipit. Id sed sunt sed id ut aperiam.', 470, 6, 7, '2018-12-28 14:33:13', '2018-12-28 14:33:13'),
(10, 'est', 'Consectetur eaque ipsa laborum qui deserunt architecto illo. Aspernatur omnis qui enim qui voluptas. Tenetur ipsum facilis quo magnam modi sequi.', 456, 2, 9, '2018-12-28 14:33:13', '2018-12-28 14:33:13'),
(11, 'temporibus', 'Sunt tenetur rerum temporibus. Dolorem nihil qui doloribus non. Aut repudiandae nihil esse quisquam.', 639, 1, 1, '2018-12-28 14:33:13', '2018-12-28 14:33:13'),
(12, 'omnis', 'Quaerat placeat architecto est voluptatem voluptatibus qui velit. Qui architecto sequi totam aliquam dolores non. Voluptatem doloremque tempora officiis et voluptatem id. Incidunt esse nulla nihil corporis iste nemo quam.', 258, 4, 6, '2018-12-28 14:33:13', '2018-12-28 14:33:13'),
(13, 'praesentium', 'Illum qui non cum ullam similique id. Molestias corrupti non possimus quia. A vel rerum ipsum alias quod quaerat. Dignissimos quasi occaecati et rerum occaecati.', 867, 3, 3, '2018-12-28 14:33:13', '2018-12-28 14:33:13'),
(14, 'temporibus', 'Quidem et iste suscipit. Sed ad aut aliquid vel quam mollitia. Doloribus est excepturi quas quia rerum ut sint aut.', 502, 8, 19, '2018-12-28 14:33:13', '2018-12-28 14:33:13'),
(15, 'cupiditate', 'Alias qui quia exercitationem facere ut. Quam eum nemo enim vero. Beatae at velit quis fugiat.', 180, 5, 13, '2018-12-28 14:33:13', '2018-12-28 14:33:13'),
(16, 'maxime', 'Omnis repudiandae et et sed quia. Assumenda alias eius eaque porro. Quae corporis ab earum minus voluptatem.', 796, 2, 11, '2018-12-28 14:33:13', '2018-12-28 14:33:13'),
(17, 'nemo', 'Voluptatem ut earum iste sit quas expedita. Amet labore numquam laborum aut et molestiae dolorum. Enim aspernatur molestiae ut quo.', 431, 1, 20, '2018-12-28 14:33:13', '2018-12-28 14:33:13'),
(18, 'consectetur', 'Nam reprehenderit modi et deserunt minima. Quis quae recusandae blanditiis molestiae natus nulla. Nihil dolor quam non dolorem sed.', 648, 1, 13, '2018-12-28 14:33:13', '2018-12-28 14:33:13'),
(19, 'tempora', 'Deleniti optio consectetur in nemo. Sunt et occaecati quo esse. Et voluptas quas eum consequuntur veniam aliquid.', 109, 4, 0, '2018-12-28 14:33:13', '2018-12-28 14:33:13'),
(20, 'in', 'Recusandae alias accusamus quia dolorem sed adipisci. Odit doloribus ex suscipit. Vero illo eum quidem deleniti voluptatum.', 480, 1, 11, '2018-12-28 14:33:13', '2018-12-28 14:33:13'),
(21, 'eligendi', 'Cum soluta dolores provident fugiat velit vitae vel. Nisi deleniti dignissimos ut iste eum. Aliquam rerum molestias nihil vero ratione numquam itaque. Laboriosam mollitia error ut deserunt.', 207, 5, 11, '2018-12-28 14:33:13', '2018-12-28 14:33:13'),
(22, 'ipsa', 'Reiciendis illum non magnam doloribus omnis repellendus. Enim mollitia numquam natus rem debitis impedit reprehenderit provident. Aut velit et voluptatem delectus quam. Ut quis eius architecto eum maiores sit.', 250, 4, 29, '2018-12-28 14:33:13', '2018-12-28 14:33:13'),
(23, 'totam', 'Tempore consequuntur molestias magni et dolor soluta fugiat. Praesentium provident eligendi eveniet.', 715, 6, 16, '2018-12-28 14:33:13', '2018-12-28 14:33:13'),
(24, 'et', 'Placeat aut explicabo possimus molestiae vero et ab. Ut ratione quas in aut voluptatem rem iure. Numquam accusamus recusandae esse ut.', 178, 8, 28, '2018-12-28 14:33:13', '2018-12-28 14:33:13'),
(25, 'eos', 'Animi ea dolor dignissimos. Nostrum vel repellendus dolorem id eveniet minus. Aperiam facilis voluptate possimus expedita. Culpa est voluptatem eaque dolores iusto.', 377, 9, 10, '2018-12-28 14:33:13', '2018-12-28 14:33:13'),
(26, 'vel', 'Quia tempore voluptatem corrupti iusto. Consequatur excepturi dolores dolores est. Consequuntur perferendis eligendi voluptatibus enim quia voluptatem. Maiores deleniti error sit inventore consequuntur illum.', 960, 4, 9, '2018-12-28 14:33:13', '2018-12-28 14:33:13'),
(27, 'voluptatem', 'Ut autem id et ex. Eius earum qui repellat dolores. Voluptate et maiores eligendi ratione voluptatibus.', 348, 1, 1, '2018-12-28 14:33:13', '2018-12-28 14:33:13'),
(28, 'eum', 'Fuga at nulla laborum architecto. Cupiditate commodi et voluptas totam.', 101, 5, 17, '2018-12-28 14:33:13', '2018-12-28 14:33:13'),
(29, 'id', 'Aut et exercitationem corporis dicta porro qui quia. Vero amet non nulla eos minima dignissimos. A provident optio odio distinctio corporis alias in et.', 878, 4, 16, '2018-12-28 14:33:13', '2018-12-28 14:33:13'),
(30, 'voluptas', 'Est esse laboriosam autem dolores. Corporis deleniti esse ipsam in ut. A ut et ipsam nesciunt vero. Natus aut velit praesentium quasi dolorum suscipit.', 274, 7, 16, '2018-12-28 14:33:13', '2018-12-28 14:33:13'),
(31, 'debitis', 'Amet ut sunt fuga. Omnis illo unde neque. Rerum voluptate quia non ea incidunt.', 870, 1, 26, '2018-12-28 14:33:13', '2018-12-28 14:33:13'),
(32, 'tempora', 'Ducimus at quia repudiandae in omnis nesciunt consequatur et. Ut inventore quisquam et quo aliquid doloremque. Ullam ut laborum aut dicta at similique repellat commodi. Dolorum commodi neque et rerum nam molestias rem.', 429, 8, 13, '2018-12-28 14:33:13', '2018-12-28 14:33:13'),
(33, 'alias', 'Corporis id ut sint autem. Id sint non libero perspiciatis in. Eaque modi molestias expedita recusandae. Voluptatum omnis quisquam corporis quod corporis error tenetur. Sint et voluptate sit architecto.', 149, 7, 0, '2018-12-28 14:33:13', '2018-12-28 14:33:13'),
(34, 'dignissimos', 'Et ratione numquam maxime cum deleniti. Quod assumenda reiciendis voluptatibus eligendi est odit. Eos incidunt vel asperiores recusandae.', 501, 1, 21, '2018-12-28 14:33:13', '2018-12-28 14:33:13'),
(35, 'ratione', 'Non qui saepe rem et corrupti soluta quo saepe. Veniam repudiandae officiis quia nam aut omnis. Minima ullam fugiat magnam vitae. Quidem error nisi sed sit soluta sed. Unde rem expedita mollitia magni ut.', 758, 0, 12, '2018-12-28 14:33:13', '2018-12-28 14:33:13'),
(36, 'dolorem', 'Itaque voluptatem facilis corporis fuga. Cum odio beatae et fugit sit et. Occaecati voluptate quos voluptatem quia occaecati in in.', 864, 3, 11, '2018-12-28 14:33:13', '2018-12-28 14:33:13'),
(37, 'laborum', 'Porro illo aut natus dignissimos dolor et molestiae unde. Et enim veniam beatae odit dolore. Nisi modi et sed.', 636, 2, 29, '2018-12-28 14:33:13', '2018-12-28 14:33:13'),
(38, 'molestiae', 'Iste eligendi autem suscipit qui. Pariatur voluptatem delectus illum et nemo quod hic. Alias velit voluptas quae labore nam. Qui quasi eaque molestias sit dolorem.', 244, 6, 28, '2018-12-28 14:33:13', '2018-12-28 14:33:13'),
(39, 'officiis', 'Eaque sed doloribus quae dolores molestiae. Ducimus nobis velit quas corporis. Vel consectetur nemo asperiores fuga placeat aut.', 917, 6, 21, '2018-12-28 14:33:13', '2018-12-28 14:33:13'),
(40, 'et', 'Quia non nobis error sit. Ut delectus error totam optio accusamus. Sequi et quaerat perspiciatis quisquam nam rerum est. Quia quas nemo quia.', 910, 0, 25, '2018-12-28 14:33:13', '2018-12-28 14:33:13'),
(41, 'nisi', 'Reiciendis hic aut libero excepturi. Unde quisquam illo dolorem debitis quaerat id. Enim voluptas sit nemo incidunt soluta.', 698, 4, 18, '2018-12-28 14:33:13', '2018-12-28 14:33:13'),
(42, 'ad', 'Sit ad expedita dolor aut itaque provident at iusto. Et eveniet a rerum dolor fuga tempore sequi. Similique eos voluptas velit et ducimus dicta praesentium. Esse a omnis ea ut sit omnis.', 713, 9, 18, '2018-12-28 14:33:13', '2018-12-28 14:33:13'),
(43, 'sunt', 'Nostrum dolor totam atque. Tenetur fugit itaque consequatur minus non. Hic ut accusantium consequatur consequuntur veritatis.', 396, 3, 28, '2018-12-28 14:33:13', '2018-12-28 14:33:13'),
(44, 'unde', 'Perferendis exercitationem nobis eius cumque qui minima consectetur. Error rerum rerum maiores dolorem. Distinctio cum dolores unde error eos ad. Non libero aut facilis qui reprehenderit. Porro nesciunt suscipit ex ea tempore ad vel.', 456, 5, 7, '2018-12-28 14:33:13', '2018-12-28 14:33:13'),
(45, 'consectetur', 'Ut qui eos veritatis officia. Magnam eos vero eos adipisci unde illo. Sit quibusdam sed sequi dolores. Voluptate eligendi voluptas aut voluptas.', 645, 6, 24, '2018-12-28 14:33:13', '2018-12-28 14:33:13'),
(46, 'iste', 'Repellendus porro et nostrum voluptatum et. Eaque nemo et accusamus ducimus ratione aut aut rerum. Ad recusandae at aliquid harum alias id et eos. Est numquam velit illum. Exercitationem fugiat voluptatem quo laborum molestiae occaecati.', 622, 5, 0, '2018-12-28 14:33:13', '2018-12-28 14:33:13'),
(47, 'soluta', 'Animi veniam ut sequi aliquam corrupti cupiditate dolorem et. Itaque consequatur laudantium sit. Atque sunt minus quibusdam distinctio eos dolor.', 814, 8, 15, '2018-12-28 14:33:13', '2018-12-28 14:33:13'),
(48, 'sunt', 'Velit commodi ea temporibus esse. Porro iste quia nihil dolorem in. Dolore id est minima sit quia et.', 185, 7, 29, '2018-12-28 14:33:13', '2018-12-28 14:33:13'),
(49, 'rem', 'Est eos accusantium incidunt quas accusantium et recusandae. Temporibus nemo dolorem quia eos. Suscipit architecto consequuntur delectus asperiores nisi.', 457, 9, 20, '2018-12-28 14:33:13', '2018-12-28 14:33:13'),
(50, 'voluptatem', 'Odio aut in laudantium nihil. Sunt voluptas ducimus molestiae odio. Sapiente et ea et quos impedit distinctio et. Ducimus blanditiis quis ad esse optio et maiores.', 541, 9, 13, '2018-12-28 14:33:13', '2018-12-28 14:33:13');

-- --------------------------------------------------------

--
-- Table structure for table `reviews`
--

CREATE TABLE `reviews` (
  `id` int(10) UNSIGNED NOT NULL,
  `product_id` int(10) UNSIGNED NOT NULL,
  `customer` varchar(255) COLLATE utf8mb4_unicode_ci NOT NULL,
  `review` text COLLATE utf8mb4_unicode_ci NOT NULL,
  `star` int(11) NOT NULL,
  `created_at` timestamp NULL DEFAULT NULL,
  `updated_at` timestamp NULL DEFAULT NULL
) ENGINE=InnoDB DEFAULT CHARSET=utf8mb4 COLLATE=utf8mb4_unicode_ci;

--
-- Dumping data for table `reviews`
--

INSERT INTO `reviews` (`id`, `product_id`, `customer`, `review`, `star`, `created_at`, `updated_at`) VALUES
(1, 1, 'Fleta Bogisich PhD', 'Doloribus consequatur voluptatibus officiis. Error rerum sit a harum sint. Amet quo quisquam ut culpa at officiis tenetur voluptatibus. Eum cumque dolorum voluptatibus similique eligendi velit ut.', 2, '2018-12-28 14:33:13', '2018-12-28 14:33:13'),
(2, 14, 'Ms. Nadia Kilback', 'Mollitia inventore iste est deleniti. Fuga rerum ipsa voluptates aut exercitationem non illum.', 2, '2018-12-28 14:33:13', '2018-12-28 14:33:13'),
(3, 8, 'Prof. Darryl Cartwright MD', 'Aperiam et praesentium odio suscipit dolores quas. Atque explicabo ipsa qui iusto doloribus officiis. A impedit omnis explicabo possimus accusamus voluptas.', 3, '2018-12-28 14:33:13', '2018-12-28 14:33:13'),
(4, 4, 'Ms. Tamara Moen', 'Nostrum cum eius rem quis cupiditate officiis. Neque sapiente eveniet mollitia ullam commodi velit odit veniam. Aut non eveniet consequuntur omnis provident qui sit.', 3, '2018-12-28 14:33:13', '2018-12-28 14:33:13'),
(5, 22, 'Mrs. Cleora Toy', 'Animi laudantium non quod excepturi odit quia. Et animi quasi molestias quos iusto quia doloremque aut.', 0, '2018-12-28 14:33:13', '2018-12-28 14:33:13'),
(6, 28, 'Clementina Wisozk DVM', 'Tempore non est maiores. Iste dolores quia qui. Provident ut optio voluptates consectetur sint tenetur. Et voluptatibus adipisci maxime illo ab ut. Eos rem aliquam corporis.', 1, '2018-12-28 14:33:13', '2018-12-28 14:33:13'),
(7, 2, 'Prof. Bart Senger MD', 'Ut consequatur eligendi qui autem enim. Officiis qui quo inventore. Officia totam est id numquam dicta saepe voluptatum. Incidunt recusandae in voluptatibus ducimus aliquam.', 1, '2018-12-28 14:33:13', '2018-12-28 14:33:13'),
(8, 17, 'Prof. Noe Bradtke DDS', 'Et eum inventore ex distinctio molestias. Deleniti velit quasi amet et est sequi exercitationem. Corrupti qui quia qui dolores quod nesciunt quo. Corrupti commodi mollitia voluptas odio.', 4, '2018-12-28 14:33:13', '2018-12-28 14:33:13'),
(9, 11, 'Dr. Keon Gottlieb III', 'Accusantium est sunt et eos voluptatem ut. Officiis ut repudiandae qui dolores molestias. Et et provident alias sunt dolorem.', 3, '2018-12-28 14:33:13', '2018-12-28 14:33:13'),
(10, 15, 'Garnet Mraz', 'Et error nam expedita quia omnis aspernatur quod. Rerum dolorem consequuntur magnam consequatur a iure qui repellendus. Omnis nostrum nihil voluptatem sed et ut quisquam. Nisi adipisci minima et.', 2, '2018-12-28 14:33:13', '2018-12-28 14:33:13'),
(11, 1, 'Rosina Eichmann', 'Totam aut asperiores rerum non tempora qui repellendus. Dolorum in ullam eum sapiente dolores beatae. Sit harum veniam facilis placeat eligendi similique.', 5, '2018-12-28 14:33:13', '2018-12-28 14:33:13'),
(12, 45, 'Dr. Hector Torp', 'Debitis autem et eaque harum. Quasi voluptate quisquam quia in similique. Id suscipit autem possimus eos omnis harum. Soluta ipsum non dolor provident iure eos.', 2, '2018-12-28 14:33:13', '2018-12-28 14:33:13'),
(13, 28, 'Prof. Wilma Auer', 'Maiores est corrupti rerum itaque. Sapiente quaerat ut eaque cum voluptatum rerum. Non debitis laborum perspiciatis libero et. Labore aliquam culpa repellendus explicabo quam.', 3, '2018-12-28 14:33:13', '2018-12-28 14:33:13'),
(14, 36, 'Rosanna Ratke', 'Aut eum laborum et dolorem. Velit aliquam enim culpa aut consequuntur eligendi. Aut commodi libero et necessitatibus.', 4, '2018-12-28 14:33:13', '2018-12-28 14:33:13'),
(15, 13, 'Mr. Ryan Bins', 'Consequuntur quam voluptatem aut culpa ea reprehenderit dolore molestiae. Est assumenda laboriosam suscipit accusamus et quos sunt. Et sint necessitatibus magnam sit et.', 1, '2018-12-28 14:33:13', '2018-12-28 14:33:13'),
(16, 48, 'Erna Wisozk DVM', 'Est rerum quis eum voluptas eaque id distinctio. Ullam doloremque fugiat et eaque. Ratione et atque occaecati veritatis. In molestiae sit et maxime in. Quo suscipit blanditiis consectetur labore ratione.', 1, '2018-12-28 14:33:13', '2018-12-28 14:33:13'),
(17, 48, 'Dr. Jaylen Kiehn MD', 'Ratione odio et facilis nihil omnis et. Dolor consectetur nam aut laboriosam amet dolore. Nihil repellat voluptas modi eaque amet sit ad.', 2, '2018-12-28 14:33:13', '2018-12-28 14:33:13'),
(18, 21, 'Prof. Rahul Roob', 'Sit quod aut quis id. Dolorum doloremque sapiente sunt ab consequatur est. Voluptate assumenda eos delectus omnis.', 5, '2018-12-28 14:33:13', '2018-12-28 14:33:13'),
(19, 9, 'Melyssa Hintz', 'Explicabo ipsam illo ratione voluptas. Ut id expedita quia non. Ipsum dicta est qui iure rerum. Pariatur culpa distinctio similique sit laboriosam necessitatibus ab.', 3, '2018-12-28 14:33:13', '2018-12-28 14:33:13'),
(20, 50, 'Ms. Valentina Cremin Sr.', 'Sed ipsam qui quia. Totam doloribus saepe nam ut saepe. Voluptas rerum qui odit voluptatem blanditiis ea voluptate.', 5, '2018-12-28 14:33:13', '2018-12-28 14:33:13'),
(21, 46, 'Mr. Harmon Rice', 'Quae id quasi nulla repellat nobis sed porro. Nulla doloribus fuga sed mollitia ut vitae.', 0, '2018-12-28 14:33:13', '2018-12-28 14:33:13'),
(22, 45, 'Darien Barton', 'Tenetur beatae sint cumque labore harum autem autem. Est aperiam inventore adipisci. Aliquid eos quod enim corporis mollitia libero.', 5, '2018-12-28 14:33:13', '2018-12-28 14:33:13'),
(23, 29, 'Bailee Leffler I', 'Autem hic architecto nisi laboriosam dolor non. Sapiente nihil dolores autem non voluptate. Qui non illo quos suscipit aperiam. Voluptate cum rerum inventore fuga.', 5, '2018-12-28 14:33:13', '2018-12-28 14:33:13'),
(24, 40, 'Darby Renner', 'Iste est ipsum itaque delectus perferendis. Fuga est et temporibus reiciendis itaque quae occaecati unde. Esse qui similique alias porro harum dolor.', 2, '2018-12-28 14:33:13', '2018-12-28 14:33:13'),
(25, 6, 'Ignatius Mosciski', 'Eveniet dolores maxime et omnis eius eum accusantium. Repellendus fugiat iusto reiciendis. Ut quibusdam ut iusto nisi ab rerum officia nemo. Sapiente dolorum esse ab et numquam blanditiis libero laboriosam.', 1, '2018-12-28 14:33:13', '2018-12-28 14:33:13'),
(26, 33, 'Jasmin Corwin', 'Quis sed distinctio ab. Est est eveniet commodi sint id amet quasi. Recusandae fugiat fuga ea sapiente. Dolores et nisi ipsam soluta deserunt fugit doloribus.', 1, '2018-12-28 14:33:13', '2018-12-28 14:33:13'),
(27, 32, 'Jovanny Sipes', 'Et occaecati velit est tempore. Cumque ducimus velit aut odio. Assumenda et rerum distinctio quas.', 2, '2018-12-28 14:33:13', '2018-12-28 14:33:13'),
(28, 39, 'Abdiel Homenick', 'Excepturi quia atque quasi alias. Sit ab omnis sed officiis id ad nisi. Vero animi ut blanditiis et porro non sunt exercitationem. Consectetur omnis molestias sed occaecati est unde quae voluptatem.', 3, '2018-12-28 14:33:13', '2018-12-28 14:33:13'),
(29, 37, 'Hazle Koss', 'Molestiae esse rerum aut et delectus. Aut facilis culpa modi illo natus. Doloremque non aut cupiditate voluptatibus.', 5, '2018-12-28 14:33:13', '2018-12-28 14:33:13'),
(30, 18, 'Loy Kuhic PhD', 'Nulla non est ut ut dicta. Incidunt in incidunt culpa necessitatibus iusto. Distinctio beatae ipsum maxime expedita fugit voluptatibus.', 2, '2018-12-28 14:33:13', '2018-12-28 14:33:13'),
(31, 42, 'Quincy Strosin Jr.', 'Aut architecto ut possimus consectetur tempora aut cupiditate. Repellendus voluptate quidem consequatur quasi. Repellendus voluptas velit rem commodi possimus. Iusto consequatur ea delectus veritatis voluptatem.', 4, '2018-12-28 14:33:13', '2018-12-28 14:33:13'),
(32, 9, 'Ayana Champlin', 'Molestiae impedit animi quae illum atque quo autem. Ipsum cum aliquam in debitis et fugit. Iusto consequatur aut est qui.', 3, '2018-12-28 14:33:13', '2018-12-28 14:33:13'),
(33, 11, 'Rosario Block', 'Temporibus et sunt quaerat eligendi et. Ut voluptatem omnis nesciunt et itaque omnis.', 2, '2018-12-28 14:33:13', '2018-12-28 14:33:13'),
(34, 40, 'Lucy Jakubowski', 'Qui consequatur eum quae repellat eveniet et dolores. Eaque dicta incidunt et est et aperiam quibusdam. Nam blanditiis itaque fugit non.', 5, '2018-12-28 14:33:13', '2018-12-28 14:33:13'),
(35, 16, 'Laurie Luettgen', 'Fuga similique et quia enim esse. Ut eos dolorem omnis sit sequi. Fuga quam voluptatem odio a sit. Aliquam maxime sit perferendis aspernatur quas harum.', 5, '2018-12-28 14:33:13', '2018-12-28 14:33:13'),
(36, 40, 'Bella West', 'Dolorem dolores architecto maiores qui voluptatem qui fuga. Nobis vel maiores iure optio neque asperiores provident eius. Ab natus vero ullam non mollitia porro.', 4, '2018-12-28 14:33:13', '2018-12-28 14:33:13'),
(37, 13, 'Isaiah Schuster', 'Sit asperiores voluptatem voluptate dolor. Aperiam tempore dolorem placeat non. Laudantium nemo ab ullam atque ut. Voluptas et praesentium vitae totam fugiat voluptatum.', 5, '2018-12-28 14:33:13', '2018-12-28 14:33:13'),
(38, 10, 'Dr. Elmer Johnson', 'Sint ea error est ullam. Assumenda repellat laborum iusto impedit ad incidunt qui minus. Mollitia assumenda eveniet at dolorum excepturi. Eius delectus necessitatibus qui aut est.', 1, '2018-12-28 14:33:13', '2018-12-28 14:33:13'),
(39, 19, 'Mr. Kian Hansen II', 'Ex deserunt quibusdam officiis voluptates exercitationem assumenda. Illum quae at autem tenetur illum. Est et ut omnis dicta.', 5, '2018-12-28 14:33:13', '2018-12-28 14:33:13'),
(40, 42, 'Prof. Sincere Walker', 'Placeat aut nostrum sit fuga magni. Consequatur fugit architecto numquam quibusdam at in mollitia distinctio. Quis eos molestias facere non et voluptas omnis.', 2, '2018-12-28 14:33:13', '2018-12-28 14:33:13'),
(41, 3, 'Mr. Casper Mueller', 'Explicabo rerum magnam dolore pariatur aliquid. Dolor aut quaerat corporis vel doloremque. Quia perferendis mollitia cum commodi aliquam.', 0, '2018-12-28 14:33:13', '2018-12-28 14:33:13'),
(42, 37, 'Ms. Sunny Simonis', 'Velit ipsum necessitatibus impedit atque quia corrupti incidunt. Quidem quaerat id et magnam quidem quo qui. Sunt distinctio placeat aut ut nihil.', 5, '2018-12-28 14:33:13', '2018-12-28 14:33:13'),
(43, 19, 'Keanu Hand', 'Ut recusandae assumenda laborum pariatur et tempora adipisci. Error aliquid earum consequatur qui sed quia sunt. Nisi labore est iure dicta consequuntur molestiae maiores.', 0, '2018-12-28 14:33:13', '2018-12-28 14:33:13'),
(44, 21, 'Willard Nolan II', 'Voluptas officia unde quas ipsum. Deserunt vitae ullam amet voluptatem unde distinctio occaecati. A et nulla provident inventore.', 2, '2018-12-28 14:33:13', '2018-12-28 14:33:13'),
(45, 47, 'Mr. Shayne Crist V', 'Voluptatem sequi id et autem odit eos et. Aspernatur sunt ipsa aliquam dolorem velit. Aspernatur voluptatem aperiam ut exercitationem. Optio et quam velit quasi minima.', 5, '2018-12-28 14:33:13', '2018-12-28 14:33:13'),
(46, 37, 'Mr. Rowland Kunde DVM', 'Illum id cupiditate modi et vel. Non sequi excepturi maxime sit veniam. Saepe perferendis necessitatibus quam fugiat sint consequatur voluptas quis.', 3, '2018-12-28 14:33:13', '2018-12-28 14:33:13'),
(47, 13, 'Arden Kulas', 'Modi nemo vitae pariatur omnis explicabo non. Consequuntur provident atque voluptas voluptatum numquam. Quidem perspiciatis rerum tenetur ex. Nulla et cum vel aut doloremque.', 2, '2018-12-28 14:33:13', '2018-12-28 14:33:13'),
(48, 43, 'Eleanora Gaylord PhD', 'Id quidem atque consequuntur maxime ipsam reprehenderit. Omnis vero eos ut enim. Totam perferendis dolorem nihil hic fugit sit et. Nesciunt sed nemo qui dolores.', 3, '2018-12-28 14:33:13', '2018-12-28 14:33:13'),
(49, 42, 'Titus Lind', 'Quidem nemo ad consequatur pariatur. Qui accusantium blanditiis ut ut. Nobis hic quo sit nihil praesentium enim assumenda. Reiciendis recusandae dolores quibusdam vel similique consequuntur. Minima illo itaque rerum non sunt qui repellendus.', 3, '2018-12-28 14:33:13', '2018-12-28 14:33:13'),
(50, 36, 'Norbert Kerluke MD', 'Dolore voluptatem eaque quaerat dolore eum quia esse. Animi rerum modi est qui quis. Excepturi omnis vero ducimus et magnam quaerat non.', 1, '2018-12-28 14:33:13', '2018-12-28 14:33:13'),
(51, 34, 'Carissa Ziemann', 'Consequatur magni nulla rerum illo facilis quia veniam. Autem et sed harum deleniti aliquid odit architecto quibusdam. Libero ad sunt cumque quia illo provident.', 0, '2018-12-28 14:33:13', '2018-12-28 14:33:13'),
(52, 20, 'Dr. Murl Schmitt', 'Facere sit et quisquam omnis amet. Est voluptatem quasi dolor cupiditate eum quibusdam quos. Dolore non omnis libero at fugit.', 5, '2018-12-28 14:33:13', '2018-12-28 14:33:13'),
(53, 20, 'Gwen Bahringer I', 'Est adipisci cumque neque quo vitae laborum. Voluptatem dolorem voluptas eaque atque quibusdam ut sit in. Quas totam qui quaerat et.', 0, '2018-12-28 14:33:13', '2018-12-28 14:33:13'),
(54, 7, 'Junius Kovacek', 'Est facilis sunt nisi ea eveniet. Eius maiores impedit cum ut. Doloribus provident commodi dolorum cum id sit. Quis exercitationem illum architecto est tempore quia et.', 4, '2018-12-28 14:33:13', '2018-12-28 14:33:13'),
(55, 12, 'Dr. Isabel Hintz Sr.', 'Quo corrupti ipsam error non. Quae perspiciatis dolor officia. Occaecati deleniti molestias sed aliquam ut. Quaerat dolorem eum est non qui sit. In dolores libero velit inventore sed.', 4, '2018-12-28 14:33:13', '2018-12-28 14:33:13'),
(56, 23, 'Mr. Sage Kassulke Jr.', 'Ex eum perspiciatis sed animi iure sequi aut. Voluptas inventore temporibus est ipsa et dolore aut. Debitis est quam eveniet nesciunt repellendus doloribus. Earum et quod sit debitis autem accusamus distinctio aperiam.', 3, '2018-12-28 14:33:13', '2018-12-28 14:33:13'),
(57, 16, 'Dr. Maximillian Ryan', 'Ipsa quos harum officia et. Quisquam sunt eveniet consequatur ad dignissimos. Nisi dolore esse dolores. Quis sunt porro ex ut ea veritatis voluptatibus suscipit.', 0, '2018-12-28 14:33:13', '2018-12-28 14:33:13'),
(58, 35, 'Mr. Laurel Kozey III', 'Dolore quisquam porro est aut ab dolores velit. Voluptatem ullam distinctio quae consequatur explicabo nemo eius. Expedita recusandae et commodi nemo.', 1, '2018-12-28 14:33:13', '2018-12-28 14:33:13'),
(59, 38, 'Miss Clotilde Fahey III', 'Est voluptatum quod ut et perspiciatis. Sit aut non doloremque rerum sunt dolorem. Rerum aliquid et ut quas ipsa ea. Voluptatum sed aut rerum autem quae aut.', 1, '2018-12-28 14:33:13', '2018-12-28 14:33:13'),
(60, 7, 'Dr. Tito Corwin Sr.', 'Exercitationem quidem beatae voluptatem qui pariatur quibusdam. Perspiciatis ad debitis ut officiis modi. In sunt eum dolores porro sint et. Harum quaerat et aliquid ratione ut vero autem dolore. Nostrum modi voluptatem eos nemo non.', 4, '2018-12-28 14:33:13', '2018-12-28 14:33:13'),
(61, 26, 'Miss Melody Kshlerin', 'Earum voluptatem vitae repellendus rerum voluptatem dolorem. Cum est earum distinctio expedita et. Nobis molestiae voluptate repudiandae sapiente aut aut et.', 2, '2018-12-28 14:33:13', '2018-12-28 14:33:13'),
(62, 6, 'Patience Bednar', 'Necessitatibus qui ratione dolor ad excepturi. Voluptas non ea neque aut est. Alias quisquam ea earum omnis natus. At minima consequatur consectetur minus.', 2, '2018-12-28 14:33:13', '2018-12-28 14:33:13'),
(63, 49, 'Anabelle King', 'Rerum quis dolore nobis saepe. Rerum assumenda aut voluptatem omnis earum illum omnis. Praesentium perspiciatis rem a sunt. Sunt voluptas esse omnis alias officia sit illo et.', 5, '2018-12-28 14:33:13', '2018-12-28 14:33:13'),
(64, 37, 'Modesta Ritchie', 'Similique nesciunt veniam quisquam facere consequuntur. Non quasi expedita error maxime itaque.', 2, '2018-12-28 14:33:13', '2018-12-28 14:33:13'),
(65, 29, 'Aglae Jones', 'Molestias minima nobis numquam adipisci aut. Magni odio dolores nulla sint.', 3, '2018-12-28 14:33:13', '2018-12-28 14:33:13'),
(66, 21, 'Bria Dibbert', 'In blanditiis eos architecto magnam sed. Nam et odit delectus aspernatur optio. Maiores nam vel non occaecati modi et ut mollitia.', 2, '2018-12-28 14:33:13', '2018-12-28 14:33:13'),
(67, 11, 'Antonia Ward', 'Blanditiis aliquam sit debitis enim hic. Quisquam quibusdam est culpa non. Ab dicta magni odit ratione. Commodi et accusamus autem adipisci doloremque quia.', 2, '2018-12-28 14:33:13', '2018-12-28 14:33:13'),
(68, 4, 'Emely Monahan Sr.', 'Harum at rem delectus fuga vitae excepturi. Sed et voluptas enim quo dolor consequuntur dicta. Aut temporibus quis a odit.', 1, '2018-12-28 14:33:13', '2018-12-28 14:33:13'),
(69, 37, 'Nestor Crist', 'Deserunt velit eos nostrum modi. Aspernatur vel est repellat ipsa labore nisi.', 1, '2018-12-28 14:33:13', '2018-12-28 14:33:13'),
(70, 20, 'Dr. Kiara Kessler', 'Temporibus earum omnis tempore quibusdam. Sequi repudiandae ea dolore repudiandae voluptatem nulla sapiente. Nulla nisi numquam eaque doloribus dignissimos laboriosam.', 4, '2018-12-28 14:33:13', '2018-12-28 14:33:13'),
(71, 17, 'Ms. Margarett Stoltenberg', 'Consectetur veritatis optio distinctio et. Dolorum maiores ut magni quo. Aliquam quos voluptatibus perferendis dolorem et voluptates commodi. Blanditiis et consequatur qui quaerat laudantium tempore.', 1, '2018-12-28 14:33:13', '2018-12-28 14:33:13'),
(72, 30, 'Rhianna Runolfsdottir MD', 'Quisquam sed reprehenderit molestias et rem tempora. Eligendi itaque dicta eveniet. Tenetur libero quae et ullam quia.', 2, '2018-12-28 14:33:13', '2018-12-28 14:33:13'),
(73, 32, 'Miss Alisa Murazik', 'Ad explicabo nihil aperiam architecto. Eum eum voluptatem voluptatem. Vero odio non quibusdam non. Aperiam voluptas deserunt et adipisci animi atque est.', 2, '2018-12-28 14:33:13', '2018-12-28 14:33:13'),
(74, 32, 'Domenico Eichmann MD', 'Ea aspernatur id enim eos. Omnis ut neque sed repellat. Minus error ut hic aut eius veniam ea.', 5, '2018-12-28 14:33:13', '2018-12-28 14:33:13'),
(75, 35, 'Miss Arielle Schultz V', 'Et consequatur aperiam et nemo. Ut a qui nostrum molestias laborum officia minima a. Et est eos blanditiis modi optio optio suscipit minima. Rerum blanditiis vitae nostrum quo.', 5, '2018-12-28 14:33:14', '2018-12-28 14:33:14'),
(76, 11, 'Georgianna Balistreri III', 'Natus numquam ea impedit qui quia voluptatem. Nisi velit velit perspiciatis aut sint quas. Impedit sunt nihil cumque temporibus velit odit error. Accusamus distinctio asperiores dolorem id dignissimos et. Blanditiis rerum impedit pariatur qui voluptates eos sunt non.', 5, '2018-12-28 14:33:14', '2018-12-28 14:33:14'),
(77, 45, 'Ms. Flo Cremin', 'Hic corrupti autem adipisci aut. In dolor nisi omnis delectus perferendis expedita praesentium. Error molestias voluptate omnis hic voluptas voluptatem iste eveniet. Error est ut dicta atque iusto.', 0, '2018-12-28 14:33:14', '2018-12-28 14:33:14'),
(78, 4, 'Elouise Dibbert I', 'Perferendis repudiandae est laborum. Dolores nemo et a sequi magnam nobis. Temporibus ut quibusdam et alias sint quia magnam dolores. Omnis suscipit et velit excepturi accusamus.', 3, '2018-12-28 14:33:14', '2018-12-28 14:33:14'),
(79, 27, 'Brown Osinski III', 'Repudiandae iure autem ratione excepturi in. Accusamus dolore inventore fuga amet voluptas quasi minima.', 2, '2018-12-28 14:33:14', '2018-12-28 14:33:14'),
(80, 36, 'Kyla Robel DVM', 'Sequi autem error et praesentium et magnam nisi. Vitae enim aut et quos aut. Perferendis vel nostrum aperiam dolorum in quis.', 5, '2018-12-28 14:33:14', '2018-12-28 14:33:14'),
(81, 8, 'Chris Stark', 'Ullam ullam laudantium saepe id. Dignissimos quia fugit sunt deleniti sint consequatur quae adipisci. Debitis quasi aut occaecati sunt. Error odio at maiores ut voluptas quia et. Ut repellendus aliquid rerum ad impedit quos sit esse.', 4, '2018-12-28 14:33:14', '2018-12-28 14:33:14'),
(82, 38, 'Abigayle Williamson', 'Rerum consequatur blanditiis officia. Rerum maiores corporis architecto ipsam eligendi veritatis quae. Vel aliquam aut veritatis saepe adipisci repudiandae voluptatem.', 5, '2018-12-28 14:33:14', '2018-12-28 14:33:14'),
(83, 39, 'Prof. Lorenz Emmerich Jr.', 'Qui enim labore eum explicabo fuga sed. Eum distinctio libero assumenda omnis ut dignissimos. Iure ipsam nesciunt consequuntur vitae omnis maiores sequi.', 3, '2018-12-28 14:33:14', '2018-12-28 14:33:14'),
(84, 36, 'Esmeralda Bosco DVM', 'Est quia laboriosam sunt modi id. Dolorem est voluptatibus rerum distinctio et rem. Libero recusandae blanditiis in id nemo quo.', 2, '2018-12-28 14:33:14', '2018-12-28 14:33:14'),
(85, 31, 'Prof. Fanny Klocko', 'Et repellat sed provident corrupti voluptatum explicabo nulla aut. Eaque dolor et aut saepe laborum ea quaerat.', 4, '2018-12-28 14:33:14', '2018-12-28 14:33:14'),
(86, 12, 'Jennyfer Kuhlman', 'Et earum eos est hic cumque est voluptatem laudantium. Aut facilis incidunt quasi dicta. Sunt aliquid et sit quia mollitia. Ad sit similique ea minima sequi laboriosam voluptatem unde. Omnis maxime rerum non quia.', 2, '2018-12-28 14:33:14', '2018-12-28 14:33:14'),
(87, 10, 'Mr. Raymundo Kessler', 'Ipsa omnis tempora et. Rerum enim fugiat voluptas eveniet consequatur alias quas veniam. Quia sed est itaque delectus ullam unde.', 1, '2018-12-28 14:33:14', '2018-12-28 14:33:14'),
(88, 22, 'Dr. Dallas Wehner MD', 'Amet repellendus dolorum molestias vel ducimus sit. Sit voluptatem esse ut quos officia reiciendis voluptas. Magnam ut alias ad officiis sint dolorem aut. Est id corporis libero minus sit fugit maxime.', 0, '2018-12-28 14:33:14', '2018-12-28 14:33:14'),
(89, 8, 'Felipa Bogisich', 'Qui asperiores odit sed quidem facilis eius et. Fugiat alias praesentium nesciunt ex illum. Sint iure numquam quia aut cum reprehenderit amet. Tempora esse alias nemo ab. Pariatur molestiae dolorem dolores.', 1, '2018-12-28 14:33:14', '2018-12-28 14:33:14'),
(90, 11, 'Lurline Treutel III', 'Quia qui voluptas necessitatibus ea ducimus omnis et culpa. Qui ut ut libero unde ea rerum. Nostrum eaque et fugiat et non. Cum quae quidem aut voluptatem minima.', 3, '2018-12-28 14:33:14', '2018-12-28 14:33:14'),
(91, 1, 'Anderson Konopelski', 'Sed commodi doloribus omnis libero. Provident ipsa aut ut sed. Voluptas ipsum atque omnis fugit quia sed. Voluptatem temporibus recusandae aut deserunt aliquam qui nobis.', 0, '2018-12-28 14:33:14', '2018-12-28 14:33:14'),
(92, 15, 'Bria Ryan', 'Est exercitationem placeat id praesentium minima. Expedita eius incidunt velit dolor. Consequuntur rerum perspiciatis dolorum odit sed eaque eius. Explicabo voluptas numquam ea ducimus rerum quisquam saepe vitae.', 4, '2018-12-28 14:33:14', '2018-12-28 14:33:14'),
(93, 12, 'Mr. Kelvin Powlowski', 'Quae excepturi quis quis nisi. Voluptatibus voluptas delectus odit quia aperiam. Voluptatem doloribus quo ducimus laudantium autem praesentium. Ea a quia maiores tenetur.', 0, '2018-12-28 14:33:14', '2018-12-28 14:33:14'),
(94, 9, 'Prof. Deonte Kozey', 'Possimus natus sed ipsa id et eius. Consequatur eum et et ducimus ratione itaque molestiae. Hic corporis ipsam quam nisi occaecati dolore.', 0, '2018-12-28 14:33:14', '2018-12-28 14:33:14'),
(95, 41, 'Ms. Zora Larkin', 'Dignissimos ea dolor perferendis tempora numquam quas dolores. Eum eligendi qui optio magnam praesentium earum omnis.', 1, '2018-12-28 14:33:14', '2018-12-28 14:33:14'),
(96, 31, 'Jammie Lebsack', 'Quia aspernatur nisi et reprehenderit tempore dolore. Iusto sed incidunt omnis autem necessitatibus sed. Qui aut eum molestiae magni.', 4, '2018-12-28 14:33:14', '2018-12-28 14:33:14'),
(97, 26, 'Mrs. Lauriane Lindgren IV', 'Optio harum a quos eaque voluptate qui esse. Commodi sunt vitae aut aut at et. Saepe sapiente voluptates consectetur sapiente amet odio. Esse corrupti non aliquam fuga aut distinctio at.', 1, '2018-12-28 14:33:14', '2018-12-28 14:33:14'),
(98, 45, 'Ms. Allene Bergnaum', 'Et deserunt deleniti ullam ipsam qui. Aspernatur a eum velit ullam nesciunt molestias. Quo commodi autem exercitationem sapiente ut corporis. Commodi quo laboriosam laudantium eos.', 3, '2018-12-28 14:33:14', '2018-12-28 14:33:14'),
(99, 3, 'Zachariah Maggio DDS', 'Laudantium omnis debitis adipisci vel iusto aliquid consectetur. Sit repellat at vel soluta eaque ducimus. Excepturi aperiam et fugit ea excepturi non autem est.', 1, '2018-12-28 14:33:14', '2018-12-28 14:33:14'),
(100, 38, 'Dr. Dejah Kris', 'Assumenda et consequatur provident voluptatem sint. Rerum expedita aliquid tempora corrupti debitis neque. Provident non voluptatibus nesciunt quas et a deleniti voluptas.', 1, '2018-12-28 14:33:14', '2018-12-28 14:33:14'),
(101, 9, 'Richie Hintz', 'Culpa qui harum dolorem vitae. Qui deleniti nihil aut nesciunt.', 3, '2018-12-28 14:33:14', '2018-12-28 14:33:14'),
(102, 37, 'Rick Mann Sr.', 'Voluptatem magni tempore eos minima illo ducimus qui. Blanditiis provident culpa rerum nesciunt aut nulla.', 3, '2018-12-28 14:33:14', '2018-12-28 14:33:14'),
(103, 10, 'Mabel Hudson', 'Quasi molestiae fugiat exercitationem illo consectetur itaque eos officiis. Illo molestiae dignissimos cumque atque magnam quis minima voluptas. Vitae deserunt quia impedit consequatur voluptatem et. Eligendi voluptas aut minus explicabo est.', 3, '2018-12-28 14:33:14', '2018-12-28 14:33:14'),
(104, 4, 'Jack Wunsch', 'Soluta adipisci omnis autem laboriosam saepe. Dolores vel est illo facilis modi perferendis. Rerum necessitatibus quo aspernatur. Facilis maiores autem ullam blanditiis optio delectus nihil.', 0, '2018-12-28 14:33:14', '2018-12-28 14:33:14'),
(105, 20, 'Ms. Annabelle Wolf', 'Veniam saepe est aperiam ratione. Exercitationem id id hic cupiditate animi at dolor excepturi. Placeat ipsam molestiae et facere. Eum possimus corporis voluptates cumque.', 3, '2018-12-28 14:33:14', '2018-12-28 14:33:14'),
(106, 42, 'Liana Koss', 'Nam ea ex omnis enim. Sed ratione minima ad aliquid distinctio. Amet deserunt quae est voluptatem maxime in quo. Qui molestias cumque sint aut et.', 1, '2018-12-28 14:33:14', '2018-12-28 14:33:14'),
(107, 47, 'Genevieve Mayert', 'Sit natus sed placeat commodi facilis nam non sed. Eum qui molestias quas et odio et. Ullam illo quae ut nihil laudantium qui sit. Qui voluptates autem maiores repellat facere illum. Quo enim recusandae ut sit odio aspernatur iure.', 5, '2018-12-28 14:33:14', '2018-12-28 14:33:14'),
(108, 50, 'Else Haley', 'Non corporis vel quia repudiandae nam. Officiis vel error quaerat.', 0, '2018-12-28 14:33:14', '2018-12-28 14:33:14'),
(109, 39, 'Dr. Rod Schulist I', 'Veritatis quo reiciendis optio vel aperiam est placeat. Quia quisquam optio neque minus aut. Ab non et aut exercitationem sequi quaerat voluptatibus.', 0, '2018-12-28 14:33:14', '2018-12-28 14:33:14'),
(110, 9, 'Coy Bogan', 'Nisi cum id et dolores. Sint et voluptas saepe aut blanditiis dolores nihil. Nemo saepe voluptatem molestias nulla.', 3, '2018-12-28 14:33:14', '2018-12-28 14:33:14'),
(111, 6, 'Marcelle Wolff', 'Atque quis qui earum ex debitis. Voluptatem asperiores ipsa voluptate. Eveniet fugiat porro et.', 0, '2018-12-28 14:33:14', '2018-12-28 14:33:14'),
(112, 7, 'Michele Bechtelar', 'Quaerat est quia et quia dolorem sint. Ipsum deleniti ut sapiente et quia voluptatem. Et vel quas non minima alias eos. Assumenda amet quisquam voluptas voluptate mollitia dignissimos occaecati.', 5, '2018-12-28 14:33:14', '2018-12-28 14:33:14'),
(113, 12, 'Savannah Cole', 'Molestias nihil in omnis molestias molestiae sed. Sapiente repudiandae vitae vel magni perferendis alias porro. Dignissimos molestiae reiciendis explicabo laborum quisquam.', 4, '2018-12-28 14:33:14', '2018-12-28 14:33:14'),
(114, 30, 'Cassandra Hintz', 'Quisquam dolores modi et minima facilis ad. Odio quos ut non modi explicabo. Ducimus incidunt suscipit ipsum. Perferendis nesciunt quae minima ea magni ut.', 0, '2018-12-28 14:33:14', '2018-12-28 14:33:14'),
(115, 2, 'Ed Dach', 'Quam excepturi omnis harum et. Aut nemo dolorum sit consequatur tenetur blanditiis. Quidem placeat ullam sint dolores.', 1, '2018-12-28 14:33:14', '2018-12-28 14:33:14'),
(116, 3, 'Prof. Baron Mertz', 'Quia aut quo illum aliquam quas. Voluptatibus sapiente nostrum sapiente fugit dolore ut totam. Exercitationem ab mollitia aut eum voluptatem veritatis.', 2, '2018-12-28 14:33:14', '2018-12-28 14:33:14'),
(117, 2, 'Mertie Rodriguez', 'Id et provident sed porro consectetur porro non. Ut aut consectetur ipsam est ea quaerat. Alias et saepe quis minus eos enim.', 4, '2018-12-28 14:33:14', '2018-12-28 14:33:14'),
(118, 24, 'Dr. Eldred Mertz', 'Reprehenderit sunt corporis sed similique reiciendis dolore praesentium natus. Dolorum minus blanditiis rem omnis laboriosam. Natus omnis necessitatibus enim molestiae eveniet neque repudiandae.', 2, '2018-12-28 14:33:14', '2018-12-28 14:33:14'),
(119, 35, 'Kailyn Rodriguez', 'Libero accusamus alias dolorem laudantium. Rerum sed sit modi fugiat. Voluptatem consequatur laborum repudiandae qui quidem dolorem. Voluptas tempora dolorem dolores est expedita.', 1, '2018-12-28 14:33:14', '2018-12-28 14:33:14'),
(120, 13, 'Mrs. Margarete Cole', 'Modi dolor omnis possimus veniam. Eos consequatur neque delectus velit deleniti et. Et aut porro non rerum.', 5, '2018-12-28 14:33:14', '2018-12-28 14:33:14'),
(121, 19, 'Summer Hoppe', 'Doloremque quod similique laudantium suscipit assumenda. Ab nihil minus deserunt et mollitia cum explicabo.', 0, '2018-12-28 14:33:14', '2018-12-28 14:33:14'),
(122, 49, 'Gilberto Mraz', 'Ut natus aut voluptas saepe. Praesentium velit commodi qui voluptas numquam. Et et earum illo facilis impedit nisi velit. Eaque perferendis ipsam nisi facere non laboriosam.', 2, '2018-12-28 14:33:14', '2018-12-28 14:33:14'),
(123, 42, 'Selina Jones', 'Occaecati modi et eum quisquam. Laboriosam explicabo nam aspernatur. Aut dolores pariatur enim dolorem eveniet.', 4, '2018-12-28 14:33:14', '2018-12-28 14:33:14'),
(124, 34, 'Orpha Ratke', 'Aperiam voluptatem vel quasi. Tenetur autem aut et ab error. Vel aut voluptas repudiandae voluptatem numquam hic.', 4, '2018-12-28 14:33:14', '2018-12-28 14:33:14'),
(125, 49, 'Carter Reichel DVM', 'Dolorem totam ea quibusdam culpa. Culpa omnis nisi mollitia autem dolores dolorum dolor. Doloremque saepe quis repellat qui reiciendis deleniti dicta.', 1, '2018-12-28 14:33:14', '2018-12-28 14:33:14'),
(126, 38, 'Elian Harber', 'Et repellendus facere molestiae voluptate. Vitae sint sunt dolores. Commodi saepe quo labore necessitatibus. Ut suscipit eligendi vel.', 5, '2018-12-28 14:33:14', '2018-12-28 14:33:14'),
(127, 39, 'Prof. Kamren Pollich', 'Recusandae dolor totam est voluptas quis odit. Nostrum adipisci architecto animi ullam. Nobis perspiciatis voluptatibus est dicta soluta aspernatur.', 0, '2018-12-28 14:33:14', '2018-12-28 14:33:14'),
(128, 41, 'Selina Jacobs', 'Suscipit nostrum sequi quis minus optio placeat sint officiis. Assumenda amet voluptatibus soluta. Vero enim qui laborum.', 3, '2018-12-28 14:33:14', '2018-12-28 14:33:14'),
(129, 25, 'Maia Bednar Jr.', 'Ut officia aut perferendis ipsa. Iste et at dolorum itaque. Ex dolor unde earum et et dolor.', 2, '2018-12-28 14:33:14', '2018-12-28 14:33:14'),
(130, 37, 'Everardo Kovacek', 'Est et qui quasi qui nihil provident. Nihil vitae expedita veritatis ad recusandae. Eius ut provident optio illo.', 5, '2018-12-28 14:33:14', '2018-12-28 14:33:14'),
(131, 23, 'Prof. Kira Hilpert Sr.', 'Veritatis ad nihil est libero quia. Ratione voluptatem repudiandae suscipit est est excepturi cupiditate voluptatem. Quam voluptatem illo deserunt iusto doloribus ut. Enim cum nihil consequatur et.', 0, '2018-12-28 14:33:14', '2018-12-28 14:33:14'),
(132, 4, 'Prof. Kobe Wolff', 'Quia temporibus qui enim eum quam. Consequatur aut omnis et fugiat illum maiores in.', 0, '2018-12-28 14:33:14', '2018-12-28 14:33:14'),
(133, 36, 'Rubye Wiza MD', 'Molestiae commodi et et excepturi tempore consequuntur. Dolor velit aliquid dolor est saepe eum. Ipsam eos voluptates ipsum. Rerum nobis illo quas corporis ex. Assumenda earum sed nostrum.', 5, '2018-12-28 14:33:14', '2018-12-28 14:33:14'),
(134, 44, 'Nakia Howell', 'Nemo sed laborum rerum libero at. Dignissimos facere suscipit voluptatem modi corrupti. Et exercitationem temporibus enim perferendis occaecati.', 5, '2018-12-28 14:33:14', '2018-12-28 14:33:14'),
(135, 36, 'Lucienne Brakus', 'Eaque eos a id quas quae nostrum sunt ut. Porro quam quia provident iste. Deleniti et adipisci quo vel enim. Facilis et distinctio et accusamus quis fugit.', 4, '2018-12-28 14:33:14', '2018-12-28 14:33:14'),
(136, 18, 'Aletha Bahringer', 'Molestias corporis a fugiat expedita consequatur quia in et. Sequi nam nam magni. Ut ullam dolorum porro fugit mollitia quo. Amet rerum commodi voluptas eveniet.', 4, '2018-12-28 14:33:14', '2018-12-28 14:33:14'),
(137, 11, 'Favian Wolf Jr.', 'Voluptatem et nisi sunt autem. Rerum et amet inventore odio ad repellendus. Qui voluptate quod corrupti dolorum soluta sunt sunt.', 2, '2018-12-28 14:33:14', '2018-12-28 14:33:14'),
(138, 49, 'Miss Beaulah Block', 'Tempora qui odit aut rerum eum. Laudantium molestiae laborum non ullam.', 3, '2018-12-28 14:33:14', '2018-12-28 14:33:14'),
(139, 5, 'Dr. Jazlyn Murray III', 'Rerum non amet voluptatem facere. In ad nobis qui molestiae vitae nulla. Sequi aut omnis ipsa et. Necessitatibus nam iste ut est.', 4, '2018-12-28 14:33:14', '2018-12-28 14:33:14'),
(140, 32, 'Josue Mitchell', 'Provident praesentium sequi odit sed. Sed vel inventore aut rerum inventore. Sed culpa praesentium est nemo. Qui voluptas nisi ea voluptates dolores et.', 5, '2018-12-28 14:33:14', '2018-12-28 14:33:14'),
(141, 2, 'Parker Hodkiewicz', 'Voluptas quam facere incidunt. Incidunt amet tempore in commodi recusandae quo voluptates consequatur. Ad ut provident odit non qui natus. Autem exercitationem qui sunt illum voluptas suscipit nihil tenetur.', 1, '2018-12-28 14:33:14', '2018-12-28 14:33:14'),
(142, 27, 'Muhammad Dickens', 'Tenetur minus iusto provident repellendus. Illo magnam qui aspernatur culpa quis. Quia eveniet consequuntur voluptatem est.', 3, '2018-12-28 14:33:14', '2018-12-28 14:33:14'),
(143, 5, 'Isidro Upton Jr.', 'Ipsam rerum adipisci quo aut incidunt odit. Est dolores neque et veniam. Molestiae dolorum eaque inventore consequatur dolores.', 2, '2018-12-28 14:33:14', '2018-12-28 14:33:14'),
(144, 18, 'Elizabeth Durgan', 'Voluptatem velit dolorum dolore natus delectus qui ducimus facere. Eum omnis sunt id cumque ut eos recusandae. Molestias et aperiam illo dolores vero ex.', 3, '2018-12-28 14:33:14', '2018-12-28 14:33:14'),
(145, 48, 'Miss Karlie Erdman II', 'Nam doloremque et dolorem quisquam excepturi fugiat reprehenderit. Omnis non laborum dolor placeat quos. Quis consectetur fugiat omnis consectetur.', 0, '2018-12-28 14:33:14', '2018-12-28 14:33:14'),
(146, 39, 'Prof. Israel Feeney', 'Quia aspernatur porro odio minus reiciendis autem iure voluptatem. Non architecto quia ut dolorem tempore et. Qui tempore accusamus blanditiis voluptatem.', 4, '2018-12-28 14:33:14', '2018-12-28 14:33:14'),
(147, 10, 'Mr. Harrison Emmerich', 'Voluptatem cum eos odit perferendis doloremque autem. Aliquam quia aliquam commodi ad. Voluptas et ipsa ad accusantium laborum. Eaque sunt dolorem laboriosam maiores occaecati quidem autem.', 1, '2018-12-28 14:33:14', '2018-12-28 14:33:14'),
(148, 47, 'Israel Oberbrunner', 'Et corrupti rerum possimus officiis suscipit ratione. Omnis a ut vel sint tempora sunt sed. Aut hic nemo earum quaerat iste ipsa autem. Aut impedit fuga qui officia voluptate ipsa.', 4, '2018-12-28 14:33:14', '2018-12-28 14:33:14'),
(149, 22, 'Eve Hermann', 'Laborum itaque velit consequatur dolor ratione. Cumque molestiae architecto enim porro delectus.', 5, '2018-12-28 14:33:14', '2018-12-28 14:33:14'),
(150, 6, 'Rylee Gerhold Sr.', 'Sint reiciendis voluptatem odit est ipsum. Et nemo sed omnis ad quod libero. Nihil praesentium in dicta unde saepe voluptates culpa. Reprehenderit dolores qui voluptatem est.', 2, '2018-12-28 14:33:14', '2018-12-28 14:33:14'),
(151, 39, 'Miss Estella Hoppe Jr.', 'In nihil eveniet qui facilis. Non ut suscipit blanditiis omnis. Delectus voluptatem eos rem consequatur error. Ut sunt fuga sit numquam quia architecto. Necessitatibus omnis enim delectus ipsa atque ullam aliquam.', 3, '2018-12-28 14:33:14', '2018-12-28 14:33:14'),
(152, 5, 'London Blanda', 'Et iure voluptas et aut. Voluptatem temporibus atque temporibus at corporis. Neque autem tenetur et perferendis quia molestiae.', 1, '2018-12-28 14:33:14', '2018-12-28 14:33:14'),
(153, 13, 'Evangeline Ebert', 'Eveniet voluptate beatae exercitationem odit omnis voluptas officiis. Qui dignissimos quo corporis tenetur et. Dolores adipisci consequatur repellat quia. Natus odio nesciunt dolores consequatur in vel quo voluptatem. Dolor in rerum molestiae.', 2, '2018-12-28 14:33:14', '2018-12-28 14:33:14'),
(154, 21, 'Ms. Brenda Berge', 'Aliquam laborum quasi magnam est autem. Distinctio dicta soluta autem eos. Aut maiores quod perspiciatis facilis quia rem doloremque.', 5, '2018-12-28 14:33:14', '2018-12-28 14:33:14'),
(155, 18, 'Helen Hansen', 'Magnam dicta non qui aut in recusandae expedita. Ut neque beatae mollitia. Temporibus soluta ut quo.', 1, '2018-12-28 14:33:14', '2018-12-28 14:33:14'),
(156, 4, 'Gay Goyette', 'Nostrum eius ab magnam natus. Voluptas ipsa cum recusandae sequi illum laudantium. In ratione voluptatum at est accusamus sunt. Eius odit hic est consequatur consequatur fugiat.', 5, '2018-12-28 14:33:14', '2018-12-28 14:33:14'),
(157, 39, 'Mr. Garnett Bogisich', 'Non temporibus reprehenderit quis. Et ea excepturi adipisci fugiat cupiditate.', 3, '2018-12-28 14:33:14', '2018-12-28 14:33:14'),
(158, 49, 'Mr. Hunter Kertzmann', 'Consequatur commodi ipsum illo repellendus asperiores corporis asperiores. Dolorem voluptatem voluptatibus voluptas id deserunt vel. Et quo ab enim ipsum porro nobis. In ab voluptatum reiciendis exercitationem odio nihil quia.', 5, '2018-12-28 14:33:14', '2018-12-28 14:33:14'),
(159, 45, 'Nayeli Frami', 'Et molestiae omnis architecto est. Quas quam facilis non rem commodi. Temporibus tempora sed sunt eveniet suscipit voluptas. Illum molestias sapiente nihil quisquam et est labore. Minima aliquam quia in quia voluptas praesentium beatae.', 3, '2018-12-28 14:33:14', '2018-12-28 14:33:14'),
(160, 18, 'Dr. Julius Kemmer', 'Itaque vel pariatur sunt vel. Sed qui voluptas sequi iusto totam ea. Consequatur consequatur delectus est culpa qui explicabo fugiat. Rerum dolore asperiores in facilis et eum tempore.', 5, '2018-12-28 14:33:14', '2018-12-28 14:33:14'),
(161, 16, 'Prof. Jovany Gislason DVM', 'Ab molestiae qui deserunt accusamus dolore explicabo fuga mollitia. Aut illo ea aut nesciunt est rerum rerum.', 1, '2018-12-28 14:33:14', '2018-12-28 14:33:14'),
(162, 46, 'Brenden Streich', 'Eos laudantium quia ut quos ea voluptatem aut. Delectus adipisci molestias ut magnam. Quo odit consectetur sint voluptas et. Ut non sed soluta repudiandae pariatur sed.', 2, '2018-12-28 14:33:14', '2018-12-28 14:33:14'),
(163, 1, 'Meta Stoltenberg', 'Dignissimos enim repudiandae qui officiis. Et magnam voluptatem minus qui. In voluptas reiciendis quaerat est qui voluptas ducimus. Nesciunt eaque nemo enim maxime adipisci tempora.', 1, '2018-12-28 14:33:14', '2018-12-28 14:33:14'),
(164, 30, 'Prof. Nelle Kub V', 'Quia neque aspernatur aspernatur nesciunt sequi reprehenderit accusantium nemo. Officia cupiditate illo odio repellat. Ipsum ut unde qui ipsum facilis laudantium cum ea.', 4, '2018-12-28 14:33:14', '2018-12-28 14:33:14'),
(165, 10, 'Dr. Alejandrin Altenwerth I', 'Qui qui omnis aut non quis voluptatem. Aut voluptatibus velit recusandae eveniet eaque. Mollitia exercitationem qui suscipit repellat et nihil.', 5, '2018-12-28 14:33:14', '2018-12-28 14:33:14'),
(166, 7, 'Rebecca Hoeger', 'Assumenda id vero in excepturi omnis. Eos rerum totam vel aperiam. Et dolor nisi facilis et. Et praesentium ut velit corporis aut et suscipit.', 1, '2018-12-28 14:33:14', '2018-12-28 14:33:14'),
(167, 18, 'Loren Lowe', 'Eum veniam et earum. Officiis voluptatum itaque est eos. Sed aliquam quasi consequatur et ea animi minus.', 2, '2018-12-28 14:33:14', '2018-12-28 14:33:14'),
(168, 4, 'Miss Desiree Rolfson', 'Laboriosam vitae modi error. Nulla quod corrupti asperiores tempore nulla reprehenderit laborum. Eveniet voluptate dolor vero error suscipit. Temporibus labore id non ad quo dignissimos.', 4, '2018-12-28 14:33:14', '2018-12-28 14:33:14'),
(169, 18, 'Mr. Napoleon Green', 'Reprehenderit veritatis voluptatibus delectus quos quia sequi nihil. Ea deleniti placeat aut. Dolorem ipsam possimus sit dolores quae.', 4, '2018-12-28 14:33:14', '2018-12-28 14:33:14'),
(170, 24, 'Ottis Schulist', 'Nihil sequi illo ducimus nobis natus. Quo id reiciendis architecto porro nostrum. Voluptate ut dolorem dolore fugiat neque. Impedit ab occaecati sint magnam molestias ut.', 0, '2018-12-28 14:33:14', '2018-12-28 14:33:14'),
(171, 43, 'Shana Fadel', 'Molestiae accusamus ullam eos ut eaque sapiente. Beatae vitae rerum qui maiores. Id unde qui sapiente nostrum earum nulla similique. Ut eius omnis dolore velit.', 2, '2018-12-28 14:33:14', '2018-12-28 14:33:14'),
(172, 21, 'Roxanne Bechtelar', 'Minus et dicta cumque numquam consequuntur voluptatum. Expedita hic et minima est. Omnis voluptatem praesentium harum quae nesciunt. Adipisci itaque qui modi rerum accusamus.', 1, '2018-12-28 14:33:14', '2018-12-28 14:33:14'),
(173, 35, 'Blake Langosh', 'Doloribus sed dicta ea est provident rerum recusandae. Dolorem sequi eligendi qui natus enim amet impedit. Deserunt eum officia optio consequatur ad corporis.', 4, '2018-12-28 14:33:14', '2018-12-28 14:33:14'),
(174, 50, 'Prof. Carlos Hartmann I', 'Velit ea atque quas eveniet fugit dolore. Nihil animi doloribus consectetur iure ullam. Voluptatem eaque laboriosam recusandae nobis iusto consequuntur.', 2, '2018-12-28 14:33:14', '2018-12-28 14:33:14'),
(175, 42, 'Frederique Carroll', 'Sed corrupti inventore quaerat. Nostrum quae accusamus occaecati eligendi delectus est veritatis. Ducimus aut magnam nulla quos repudiandae repellat id. Necessitatibus hic et maxime dolorem quidem. Numquam nostrum et non quam.', 0, '2018-12-28 14:33:14', '2018-12-28 14:33:14'),
(176, 1, 'Mr. Arnoldo Kunde', 'Magni cumque consequatur sed rerum. Rem aliquam adipisci magni cupiditate rem voluptas ea consequuntur. Est explicabo quis esse officia sequi non.', 4, '2018-12-28 14:33:14', '2018-12-28 14:33:14'),
(177, 2, 'Virgie Quigley', 'Sunt minima vel error ut repudiandae doloremque omnis. Consequuntur aperiam praesentium provident eveniet. Rerum asperiores praesentium ipsa saepe molestiae. Nihil et molestiae qui enim maxime non officiis.', 5, '2018-12-28 14:33:14', '2018-12-28 14:33:14'),
(178, 27, 'Prof. Edison Ebert', 'In sed molestiae facere incidunt officia nobis. Assumenda voluptatem qui quaerat magnam blanditiis. Aut quo officia molestias impedit tempora. Facere laborum unde ea non perspiciatis nesciunt ea incidunt.', 2, '2018-12-28 14:33:14', '2018-12-28 14:33:14'),
(179, 49, 'Mr. Colby Wilkinson I', 'Accusantium commodi amet incidunt. Qui quisquam quia accusamus possimus provident quia.', 4, '2018-12-28 14:33:14', '2018-12-28 14:33:14'),
(180, 15, 'Mr. Franz Blick', 'Iste et aliquid quam architecto quaerat illum porro labore. Et recusandae sit officiis. Rerum autem animi consequuntur omnis quibusdam laborum ad. Nulla repellat consequatur aut.', 5, '2018-12-28 14:33:14', '2018-12-28 14:33:14'),
(181, 31, 'Beaulah Becker', 'Quia officia dolores numquam porro quasi et eius. Magnam impedit magni in est. Aperiam dolorum quis eveniet nostrum. Nemo fuga sed sapiente hic.', 1, '2018-12-28 14:33:14', '2018-12-28 14:33:14'),
(182, 17, 'Ella Klein', 'Atque dolores fuga quaerat quas repellendus laboriosam et. Eveniet optio dolorum consequatur qui. Id ut tenetur voluptate odit officiis omnis nihil.', 4, '2018-12-28 14:33:14', '2018-12-28 14:33:14'),
(183, 45, 'Esmeralda Kuvalis V', 'Repudiandae consequatur dolores consequuntur ut. Ipsa magni sint sed ratione. Adipisci incidunt deleniti exercitationem tempora.', 1, '2018-12-28 14:33:14', '2018-12-28 14:33:14'),
(184, 4, 'Camren Nader', 'In corporis omnis libero ut dolores nemo. Voluptatem consequatur tempora tempore nesciunt dolor. Distinctio culpa et sit harum nemo asperiores aut aperiam.', 1, '2018-12-28 14:33:14', '2018-12-28 14:33:14'),
(185, 32, 'Modesta Jakubowski', 'Et quia ut omnis numquam omnis necessitatibus sit. Voluptatem voluptatem ex autem exercitationem qui. Sunt sunt omnis sit omnis dolores et.', 3, '2018-12-28 14:33:14', '2018-12-28 14:33:14'),
(186, 7, 'Alexandrea Gislason', 'Alias esse minus voluptatibus enim rerum quae. Optio modi amet architecto in a. Non quos qui quo voluptate et et provident ut. Nesciunt atque et culpa quia eaque adipisci.', 3, '2018-12-28 14:33:14', '2018-12-28 14:33:14'),
(187, 9, 'Prof. Ethel Huels DVM', 'Quo autem sunt quibusdam dolores sunt. Perferendis molestiae porro odit. Esse eum maxime assumenda doloribus libero odit nostrum. Dolores dicta dolor dolorem.', 2, '2018-12-28 14:33:14', '2018-12-28 14:33:14'),
(188, 40, 'Orlando Schowalter', 'Incidunt tenetur facere voluptatum eum id. Occaecati repudiandae debitis maiores sed impedit ipsam. Eos eum eum sit quidem delectus sit.', 4, '2018-12-28 14:33:14', '2018-12-28 14:33:14'),
(189, 3, 'Mariam West', 'Neque ipsa iusto dignissimos adipisci. Vel reiciendis exercitationem dolorum recusandae sint sit in consequatur. Eos assumenda et perspiciatis adipisci nesciunt et pariatur. Vel tempore debitis rem earum.', 3, '2018-12-28 14:33:14', '2018-12-28 14:33:14'),
(190, 30, 'Rodrigo Jacobs', 'Et nemo et esse. Aperiam cum deserunt incidunt distinctio blanditiis culpa. Sed consequatur fugiat tempore aut.', 0, '2018-12-28 14:33:14', '2018-12-28 14:33:14'),
(191, 47, 'Dr. Jazmyn Brakus', 'Soluta ab quaerat accusantium quae dolores sint facere ut. Aut earum est est accusamus officiis. Reprehenderit doloremque ut laboriosam minus. Necessitatibus unde labore sint.', 2, '2018-12-28 14:33:14', '2018-12-28 14:33:14'),
(192, 10, 'Ms. Josie Murray', 'Id amet sunt animi est rerum. Possimus ducimus dolores qui explicabo. A consequatur quis animi vero illum harum nesciunt. Ullam molestiae et consequatur inventore cupiditate.', 2, '2018-12-28 14:33:14', '2018-12-28 14:33:14'),
(193, 27, 'Liam Braun', 'Sunt repellendus sint reiciendis labore quis debitis iste unde. Facilis fugit asperiores molestiae. Vitae fuga omnis totam et. Consequuntur eos ipsam vel et labore repellendus inventore.', 3, '2018-12-28 14:33:14', '2018-12-28 14:33:14'),
(194, 19, 'Prof. Liza Bednar', 'Ut in dolor accusantium quisquam earum eaque fuga magni. Commodi accusamus quo et tempora assumenda. Qui explicabo rerum non qui ullam consequatur voluptas. Aliquam consequatur aliquam et voluptatem animi iste sed hic.', 4, '2018-12-28 14:33:14', '2018-12-28 14:33:14'),
(195, 48, 'Trace Bogan', 'Autem sapiente unde quia vitae est. Quia ea libero sint veritatis ea. Consequuntur esse aut quo consequuntur. Cumque assumenda aut fugit sunt molestias rerum nulla.', 5, '2018-12-28 14:33:14', '2018-12-28 14:33:14'),
(196, 15, 'Prof. Rory Pouros III', 'Nihil in molestiae pariatur quisquam ut eius voluptas placeat. Suscipit aut reiciendis aut mollitia. Earum ut doloremque impedit impedit perferendis. Non sint est eos ab non omnis.', 2, '2018-12-28 14:33:14', '2018-12-28 14:33:14'),
(197, 8, 'Gabriella Jakubowski', 'Consequatur recusandae dolores deleniti illum voluptatibus est. Perferendis ducimus praesentium eius voluptas culpa et. Est nobis eos aliquam aliquam.', 3, '2018-12-28 14:33:14', '2018-12-28 14:33:14'),
(198, 46, 'Raphaelle Strosin', 'Vel porro aspernatur odio. Magni in aut officia repudiandae. Iure dicta suscipit est a. Illo mollitia recusandae veniam at nam quam temporibus.', 1, '2018-12-28 14:33:14', '2018-12-28 14:33:14'),
(199, 24, 'Jay Breitenberg II', 'Quibusdam quaerat libero omnis est ut soluta sunt ratione. Magni explicabo et deserunt necessitatibus repellat quam.', 0, '2018-12-28 14:33:14', '2018-12-28 14:33:14'),
(200, 38, 'Adelle Rowe', 'Omnis repellat nisi quo. Recusandae ab laudantium dolore doloribus. Saepe voluptates sint exercitationem rem asperiores qui aliquam veritatis.', 1, '2018-12-28 14:33:14', '2018-12-28 14:33:14'),
(201, 38, 'Destinee Kuhic', 'Eos ratione quis ipsam rerum qui est. Voluptatibus est quo illo optio ipsam fugiat. Velit animi voluptas quaerat iste voluptatum sint corrupti debitis. Aut rerum quis quis in.', 5, '2018-12-28 14:33:14', '2018-12-28 14:33:14'),
(202, 7, 'Deja Grimes', 'Cum dolor rerum dolore. Eveniet blanditiis ratione quo quisquam. Dolorem est minus quas ratione voluptatem est.', 3, '2018-12-28 14:33:14', '2018-12-28 14:33:14'),
(203, 10, 'Alysson Erdman', 'Ut odit accusamus dolores est iste ut similique. Omnis non dicta nihil et quia necessitatibus. Qui reiciendis architecto quos magni. Similique excepturi hic recusandae.', 4, '2018-12-28 14:33:14', '2018-12-28 14:33:14'),
(204, 49, 'Darrel Gulgowski', 'Corrupti quos est consequatur et accusamus vel mollitia. Fugiat est et id. Dolorem nisi quas autem tenetur. Placeat doloremque sapiente facere pariatur.', 3, '2018-12-28 14:33:14', '2018-12-28 14:33:14'),
(205, 20, 'Dr. Adriel Shields', 'Cupiditate placeat voluptatem beatae vel quis eveniet occaecati repudiandae. Eum culpa qui dolor asperiores voluptatibus quis. Omnis nisi excepturi modi possimus impedit blanditiis ut. Aliquid modi minima et beatae delectus.', 1, '2018-12-28 14:33:14', '2018-12-28 14:33:14'),
(206, 10, 'Prof. Vivianne Legros DVM', 'Et et fugiat nobis corporis itaque ipsum. Corrupti ea laboriosam mollitia ut veritatis consequatur aut ad. Placeat voluptas omnis consequatur doloribus deserunt. Voluptate id dolores eum quaerat quis.', 2, '2018-12-28 14:33:14', '2018-12-28 14:33:14'),
(207, 50, 'Brice Hilpert', 'Veritatis voluptate tenetur voluptatum laborum. Mollitia occaecati ipsa repellat fuga est temporibus cum. Repellat quo sed et harum aut.', 1, '2018-12-28 14:33:14', '2018-12-28 14:33:14'),
(208, 31, 'Dr. Dwight Abernathy DVM', 'Tenetur repudiandae in sit ducimus reprehenderit. Distinctio veritatis et laudantium mollitia facere ducimus voluptatem. Quibusdam sint architecto nobis voluptate nobis commodi magni.', 4, '2018-12-28 14:33:14', '2018-12-28 14:33:14'),
(209, 30, 'Kody Anderson', 'Sit et et velit ullam a laboriosam quae. Vitae totam repudiandae est eligendi. Quia voluptatem est et iusto.', 0, '2018-12-28 14:33:14', '2018-12-28 14:33:14'),
(210, 19, 'Prof. Rubye Gorczany IV', 'Doloremque non est enim deserunt in. Quidem saepe aut dolor velit qui. Rem dolorem et id nihil.', 5, '2018-12-28 14:33:14', '2018-12-28 14:33:14'),
(211, 17, 'Prof. Eduardo Johnston DDS', 'Dolorem quia et consectetur quia aspernatur aspernatur. Reiciendis optio error sed dolor tempora in adipisci ab. In et ducimus ipsa animi quo delectus sed.', 1, '2018-12-28 14:33:14', '2018-12-28 14:33:14');
INSERT INTO `reviews` (`id`, `product_id`, `customer`, `review`, `star`, `created_at`, `updated_at`) VALUES
(212, 44, 'Alexandra Corwin PhD', 'Velit possimus occaecati similique occaecati. Earum dolores sint provident aut molestiae.', 4, '2018-12-28 14:33:14', '2018-12-28 14:33:14'),
(213, 21, 'Ms. Adah Olson', 'Dignissimos qui aut ut distinctio et velit eveniet et. Dolor nihil nulla iure et voluptas. Deleniti similique vero fuga ipsam.', 5, '2018-12-28 14:33:14', '2018-12-28 14:33:14'),
(214, 39, 'Camille Heller', 'Magnam rem nostrum atque unde sint. Commodi nobis ut placeat earum. Commodi doloribus nobis nesciunt voluptatibus odit. Dolores modi aut sit quia rerum porro non.', 5, '2018-12-28 14:33:14', '2018-12-28 14:33:14'),
(215, 19, 'Mrs. Shania Becker DDS', 'Nam sequi dolorem voluptas recusandae. Ea tempora delectus laboriosam praesentium aut. Repudiandae est vero fuga sapiente voluptates.', 3, '2018-12-28 14:33:14', '2018-12-28 14:33:14'),
(216, 6, 'Leslie Bayer', 'Distinctio et nulla quos rerum. Sunt quia veniam et. Ex eius nemo et omnis fuga ratione occaecati. Dignissimos aliquid laborum quidem atque sed quis.', 1, '2018-12-28 14:33:14', '2018-12-28 14:33:14'),
(217, 12, 'Berneice Langworth', 'Laudantium explicabo sit sed enim earum et. Error at esse voluptate sequi. Ratione nostrum quisquam optio doloremque omnis sit. Iste similique sit consectetur sit harum quia vitae. Laudantium voluptatem est labore aperiam neque sit enim.', 1, '2018-12-28 14:33:14', '2018-12-28 14:33:14'),
(218, 49, 'Jonathon Pollich II', 'Necessitatibus illum autem praesentium aliquid ab. Rem voluptate quasi id laborum at. Consequatur est aliquam eligendi omnis quod optio.', 0, '2018-12-28 14:33:14', '2018-12-28 14:33:14'),
(219, 11, 'Mr. Hester DuBuque PhD', 'Ipsum itaque quae quisquam. Aliquid aliquid deleniti soluta accusantium impedit ducimus. Qui omnis fugit nostrum magnam sint aut.', 4, '2018-12-28 14:33:14', '2018-12-28 14:33:14'),
(220, 10, 'Mr. Daren Blanda PhD', 'Ipsam illum quibusdam cupiditate perspiciatis corrupti officiis. Iure eos debitis suscipit autem nesciunt. Est ducimus nemo optio repudiandae quidem quia tempora. Beatae vel ea deserunt aperiam quaerat officia. Mollitia eligendi consequuntur quidem earum.', 0, '2018-12-28 14:33:14', '2018-12-28 14:33:14'),
(221, 2, 'Lucie Bradtke', 'Molestiae et similique vero unde error nulla. Molestiae natus fuga nam saepe veniam. Sit quae sint quia qui voluptatem quos quod. Minus ducimus provident magnam sunt dicta magnam enim dolor.', 3, '2018-12-28 14:33:14', '2018-12-28 14:33:14'),
(222, 39, 'Stella Becker', 'Ullam et voluptates expedita accusamus nam. Et et accusamus totam commodi molestiae quia. Aspernatur est in culpa excepturi non hic quis.', 2, '2018-12-28 14:33:14', '2018-12-28 14:33:14'),
(223, 41, 'Garnet Pagac', 'Incidunt rerum sit voluptas quibusdam vero est. Facere dolorem odit error et deleniti ipsam. Laboriosam sed libero quaerat velit aut. Quo placeat amet eveniet itaque culpa consequatur.', 5, '2018-12-28 14:33:14', '2018-12-28 14:33:14'),
(224, 35, 'Dr. Shayne Hermann IV', 'Magni quidem et similique distinctio et. Perferendis nobis quasi necessitatibus ducimus temporibus dolores ea. Exercitationem delectus recusandae aperiam omnis doloribus voluptas dicta minus. Est fuga ex excepturi aliquam.', 2, '2018-12-28 14:33:15', '2018-12-28 14:33:15'),
(225, 29, 'Gerald Lynch', 'Quod ut aliquid ut adipisci. Error enim est nesciunt id nesciunt ut. Reiciendis reprehenderit consequuntur rem quibusdam et. Veniam rerum accusantium hic animi qui.', 1, '2018-12-28 14:33:15', '2018-12-28 14:33:15'),
(226, 47, 'Mr. Sanford Blick', 'Dolores quis est voluptatem nulla et. Sapiente laboriosam sunt delectus dolor voluptatibus aut. Eos repudiandae mollitia ea aperiam.', 1, '2018-12-28 14:33:15', '2018-12-28 14:33:15'),
(227, 37, 'Hettie Hayes', 'Porro ut atque ipsum ut neque. Architecto et et quis perferendis perspiciatis id quos. Aut sit illo est culpa qui.', 0, '2018-12-28 14:33:15', '2018-12-28 14:33:15'),
(228, 9, 'Prof. Orlo Wehner', 'Magni harum perferendis a facere sunt deleniti. Incidunt consequuntur natus blanditiis accusantium numquam quam nihil. Facere vitae sint minus magni aliquid qui.', 2, '2018-12-28 14:33:15', '2018-12-28 14:33:15'),
(229, 45, 'Elliot Stiedemann', 'Quos odit debitis commodi corporis. Tempora expedita velit modi ut soluta dolore. Explicabo voluptatum repudiandae voluptas sit perferendis ipsum delectus.', 4, '2018-12-28 14:33:15', '2018-12-28 14:33:15'),
(230, 16, 'Mr. Chet Schultz', 'Suscipit voluptatibus ut quis suscipit. Illo qui officia quis vero sed blanditiis. Aspernatur voluptas ut facilis omnis qui dolorum. Praesentium repudiandae quae saepe at. Voluptas libero sunt doloribus est aut sed dolorum.', 2, '2018-12-28 14:33:15', '2018-12-28 14:33:15'),
(231, 3, 'Reyes Wisoky', 'Voluptatum molestiae aspernatur deserunt a reiciendis. Nostrum minus dolorem et. Et quia blanditiis voluptatum.', 0, '2018-12-28 14:33:15', '2018-12-28 14:33:15'),
(232, 37, 'Mrs. Clotilde Kris DDS', 'Nobis sit sapiente deserunt molestias minima. Et aut nemo eum. Quia nemo et voluptas perferendis asperiores pariatur dolorum. Quibusdam velit consectetur et praesentium.', 2, '2018-12-28 14:33:15', '2018-12-28 14:33:15'),
(233, 16, 'Zion Simonis', 'Magni et ut ea enim quo suscipit tenetur quia. In et id ut doloribus ipsa alias. Nesciunt commodi fugiat et excepturi autem sed optio minima. Voluptas corporis ipsum est aut consequatur magni quia rerum.', 4, '2018-12-28 14:33:15', '2018-12-28 14:33:15'),
(234, 10, 'Xzavier Grimes', 'Aliquid voluptatibus sint dicta ut at vel. Quae voluptas ab atque praesentium ut.', 4, '2018-12-28 14:33:15', '2018-12-28 14:33:15'),
(235, 45, 'Ceasar Sawayn', 'Repellendus cupiditate aut voluptatum sed et blanditiis. Sint voluptatem totam dignissimos cupiditate ut sed omnis. Reiciendis impedit accusamus perferendis ducimus illum qui.', 4, '2018-12-28 14:33:15', '2018-12-28 14:33:15'),
(236, 7, 'Ms. Cleta Bartoletti Sr.', 'Ratione corrupti non voluptatem aut. Reiciendis voluptatum eius qui at dolores.', 1, '2018-12-28 14:33:15', '2018-12-28 14:33:15'),
(237, 41, 'Prof. Ima Cole I', 'Quis neque quibusdam id quam ratione. Iste et amet veritatis nihil.', 5, '2018-12-28 14:33:15', '2018-12-28 14:33:15'),
(238, 32, 'Mr. Quentin Kessler MD', 'Esse omnis dolores amet exercitationem assumenda. Voluptates qui sit voluptates modi distinctio facere omnis. Dignissimos et eos beatae maiores.', 2, '2018-12-28 14:33:15', '2018-12-28 14:33:15'),
(239, 1, 'Maude Hintz', 'Cum deserunt necessitatibus omnis ullam mollitia voluptatem veniam. Suscipit eaque corporis qui odio quidem. Dolor doloremque dicta qui et delectus est. Sit deserunt velit atque in fuga nam.', 5, '2018-12-28 14:33:15', '2018-12-28 14:33:15'),
(240, 23, 'Mr. Toby Rowe', 'Enim consectetur esse tenetur sed cum id. Id amet fuga quo minus ipsa veritatis dolor. Est est voluptas similique sed. Necessitatibus sunt nam fuga tempora.', 3, '2018-12-28 14:33:15', '2018-12-28 14:33:15'),
(241, 17, 'Ms. Aurelie Collins', 'Dolorem harum harum perspiciatis velit. Consequatur deleniti impedit saepe blanditiis velit similique velit. Qui eligendi et facilis laborum ab ullam exercitationem.', 3, '2018-12-28 14:33:15', '2018-12-28 14:33:15'),
(242, 25, 'Arnulfo Hand', 'Quia id ea sed sunt omnis repellendus quis. Architecto quos dolorum voluptatum distinctio. Voluptates suscipit maxime quam consequatur molestiae. Numquam odit at ducimus omnis dignissimos totam.', 0, '2018-12-28 14:33:15', '2018-12-28 14:33:15'),
(243, 24, 'Mrs. Abbey Flatley', 'Iusto alias minus et rem quia expedita aut. Ad voluptatum totam nostrum aut. Fugiat voluptatem dolorem quos sit voluptatem voluptas aut. Aliquam ipsum adipisci deleniti molestiae libero dolor.', 5, '2018-12-28 14:33:15', '2018-12-28 14:33:15'),
(244, 39, 'Lorna Thiel', 'Dolorem et exercitationem qui. Iusto laboriosam sunt similique et.', 3, '2018-12-28 14:33:15', '2018-12-28 14:33:15'),
(245, 39, 'Marty Robel', 'Et eligendi necessitatibus iste. Eveniet quasi quia quasi est autem nam. Voluptatibus laboriosam quasi harum molestiae consequatur dolores quibusdam. Ut veniam et aut.', 3, '2018-12-28 14:33:15', '2018-12-28 14:33:15'),
(246, 50, 'Mr. Frederic Schuppe', 'Dignissimos debitis voluptatem reprehenderit iusto molestias laboriosam. Deserunt eius dolor saepe dicta nostrum id. Ex vitae velit ut similique rerum inventore. Est id adipisci illo corporis molestiae nostrum.', 2, '2018-12-28 14:33:15', '2018-12-28 14:33:15'),
(247, 5, 'Mr. Landen Oberbrunner I', 'Dolorem nostrum quam omnis voluptates officia. Nesciunt iusto nam et vero ratione facere vel. Et laboriosam eveniet voluptatem quisquam tempora cupiditate eos et.', 2, '2018-12-28 14:33:15', '2018-12-28 14:33:15'),
(248, 42, 'Nicolette Leannon', 'Voluptatem iste asperiores et maiores illo quibusdam. Autem nobis dolores iste modi qui. Reiciendis molestias nihil est laborum reiciendis iusto. Omnis velit omnis aspernatur aperiam quasi in.', 4, '2018-12-28 14:33:15', '2018-12-28 14:33:15'),
(249, 5, 'Jacynthe Brakus I', 'Asperiores voluptatibus ut cupiditate asperiores sed doloremque architecto. Praesentium doloremque adipisci sunt temporibus modi error. Et laborum dolore quas est dignissimos. Nobis rerum tenetur nihil aut maxime similique architecto. Qui eligendi unde omnis ullam natus voluptates aliquid.', 1, '2018-12-28 14:33:15', '2018-12-28 14:33:15'),
(250, 13, 'Mr. Dagmar Champlin', 'Illo ut molestiae et. Odio excepturi suscipit odit ea perferendis nesciunt voluptate. Et esse minima quia reprehenderit accusamus cumque sed cupiditate. Quis et facere harum porro.', 5, '2018-12-28 14:33:15', '2018-12-28 14:33:15'),
(251, 49, 'Ms. Hallie Casper', 'Eos vel perferendis saepe iste. Quia adipisci necessitatibus blanditiis. Et natus et minus et.', 3, '2018-12-28 14:33:15', '2018-12-28 14:33:15'),
(252, 29, 'Audreanne Fay', 'Odio maxime aspernatur blanditiis quis odio nobis. Corporis ipsa porro rerum sunt soluta doloremque et. Nihil ad facere officiis sunt aut. Eveniet totam quae quam odit voluptates ipsam amet.', 3, '2018-12-28 14:33:15', '2018-12-28 14:33:15'),
(253, 31, 'Prof. Dudley West MD', 'Sit deserunt exercitationem ipsum at. Iusto veniam dolore unde aperiam blanditiis omnis. Earum autem cumque possimus sed. Illo molestias sunt placeat eos. Ipsam autem consequatur aliquam esse consequuntur labore.', 1, '2018-12-28 14:33:15', '2018-12-28 14:33:15'),
(254, 4, 'Miss Darby Hoppe PhD', 'Dignissimos minima ipsum aut fugit modi voluptatem voluptatibus velit. Aut veritatis qui fugiat excepturi voluptatibus. Aut quidem expedita consequuntur voluptatum ex dolor. Hic et iusto dolores eum minus.', 5, '2018-12-28 14:33:15', '2018-12-28 14:33:15'),
(255, 15, 'Layne Wunsch', 'Dolor voluptate illum consequatur omnis. Aliquam inventore reprehenderit iure ducimus deserunt aut. Quae occaecati laudantium dolor eum.', 1, '2018-12-28 14:33:15', '2018-12-28 14:33:15'),
(256, 44, 'Twila Zulauf', 'Qui alias aliquam qui est aut. Eos maiores soluta dolores ducimus. Minima occaecati numquam magni sint.', 0, '2018-12-28 14:33:15', '2018-12-28 14:33:15'),
(257, 17, 'Jayce Roob DDS', 'In voluptatibus esse voluptatem deserunt minima. Magnam incidunt quasi odio. Vero consequuntur voluptas est facilis itaque.', 3, '2018-12-28 14:33:15', '2018-12-28 14:33:15'),
(258, 12, 'Shaylee Jakubowski', 'Ea mollitia dolorum quasi enim molestiae quia. Autem nihil fugiat eveniet consequuntur eum non est. Aut et et doloremque unde iusto omnis. Dolorem enim unde officiis esse quam ut. Sit et aliquam ea consequuntur delectus sed ut.', 3, '2018-12-28 14:33:15', '2018-12-28 14:33:15'),
(259, 37, 'Ashley Connelly Sr.', 'Est quia alias sint voluptas. Libero illo molestiae et voluptate incidunt dolorum ut recusandae. Quis vitae non earum perferendis et.', 3, '2018-12-28 14:33:15', '2018-12-28 14:33:15'),
(260, 30, 'Florian Davis', 'Sapiente cumque nemo quos et molestiae architecto. Amet libero cum et et praesentium omnis harum et. Assumenda et id ut.', 5, '2018-12-28 14:33:15', '2018-12-28 14:33:15'),
(261, 49, 'Mathias Pollich', 'Sapiente maiores assumenda laboriosam cupiditate nisi eos. Cum rerum corporis voluptatum quia. Voluptatibus et consequatur animi aliquam quasi in. In quo dolorem inventore doloribus eaque unde id explicabo.', 1, '2018-12-28 14:33:15', '2018-12-28 14:33:15'),
(262, 43, 'Darion Hamill', 'Et quo id iusto nam illum magni. Consequatur iure dicta occaecati assumenda maxime.', 0, '2018-12-28 14:33:15', '2018-12-28 14:33:15'),
(263, 3, 'Mack Marquardt', 'Porro voluptate dolor velit voluptas laborum est. Unde error asperiores non impedit vitae earum dolore. Est necessitatibus unde optio et ullam similique vel.', 0, '2018-12-28 14:33:15', '2018-12-28 14:33:15'),
(264, 49, 'Prof. Oda Corkery', 'Expedita est laudantium asperiores omnis veritatis sapiente est. Ut magnam omnis rerum facere suscipit possimus aliquid.', 5, '2018-12-28 14:33:15', '2018-12-28 14:33:15'),
(265, 17, 'Dedrick Bayer', 'Et perferendis blanditiis quia omnis. Omnis necessitatibus sint qui nihil alias blanditiis corrupti. Dicta similique hic incidunt.', 3, '2018-12-28 14:33:15', '2018-12-28 14:33:15'),
(266, 44, 'Amya Schaden', 'Temporibus similique dignissimos et delectus rerum. Praesentium dolorem quae fugit autem voluptatem minima nihil.', 1, '2018-12-28 14:33:15', '2018-12-28 14:33:15'),
(267, 35, 'Mr. Nasir Smitham PhD', 'Laudantium consequatur libero debitis. Occaecati aliquid asperiores eum consequuntur. Velit dolorem animi iste iste nisi natus quis corrupti.', 3, '2018-12-28 14:33:15', '2018-12-28 14:33:15'),
(268, 41, 'Mr. Ubaldo Oberbrunner', 'Qui magni laudantium dolore ex itaque fugit. Non repellendus delectus est dignissimos eos aperiam ut nemo. Laboriosam deleniti rem occaecati asperiores voluptas. Eveniet expedita nobis porro debitis. Accusamus quia et laborum omnis qui et itaque.', 3, '2018-12-28 14:33:15', '2018-12-28 14:33:15'),
(269, 50, 'Katheryn Auer', 'Quis in assumenda eius consequatur. Consectetur itaque id voluptas minus qui similique omnis. Reprehenderit libero rerum omnis minima ex. Corporis minus autem est alias itaque odit et.', 4, '2018-12-28 14:33:15', '2018-12-28 14:33:15'),
(270, 2, 'Jovanny Bartell II', 'Minus dolorem tempora rerum enim. Culpa optio aspernatur illo. Vero deleniti optio et perferendis in.', 1, '2018-12-28 14:33:15', '2018-12-28 14:33:15'),
(271, 11, 'Wiley Ferry', 'Quis explicabo occaecati et omnis totam. Est laboriosam consectetur alias rerum corporis est. Ullam et ad ut ut suscipit.', 4, '2018-12-28 14:33:15', '2018-12-28 14:33:15'),
(272, 11, 'Duane Conn', 'Sed quod dolor doloribus cumque molestiae autem. Quia similique consequatur laudantium. Non fugit ex est ut ullam velit voluptate dolorem.', 4, '2018-12-28 14:33:15', '2018-12-28 14:33:15'),
(273, 18, 'Mrs. Daphnee Raynor', 'Quod et temporibus necessitatibus mollitia labore nam rerum dolor. Aut nihil ut velit odit tempore velit sit. Eaque est unde quidem voluptas recusandae iure. Ea consequuntur id est et voluptas vel tenetur quia.', 1, '2018-12-28 14:33:15', '2018-12-28 14:33:15'),
(274, 12, 'Angela Erdman', 'Facilis aliquam eligendi est reprehenderit aut et. Omnis beatae ratione enim possimus voluptas. Tempore illo sed aliquam laboriosam ut. Modi dicta quaerat hic.', 2, '2018-12-28 14:33:15', '2018-12-28 14:33:15'),
(275, 29, 'Erna Rippin', 'Itaque quia rerum eveniet cupiditate qui. Vero tenetur eos placeat totam deserunt quia. Est dicta odit ad quidem.', 5, '2018-12-28 14:33:15', '2018-12-28 14:33:15'),
(276, 35, 'Madelynn Bode', 'Eligendi eaque assumenda aut. Ullam suscipit temporibus expedita amet rerum numquam est. Quia voluptatem accusamus ut possimus quidem earum in. Numquam quia cumque molestiae quaerat nostrum sunt.', 1, '2018-12-28 14:33:15', '2018-12-28 14:33:15'),
(277, 44, 'Nadia DuBuque', 'Voluptatem vitae perspiciatis quia illum aut. Quam vel sint voluptatem fugit. Debitis sint laborum exercitationem in. Rerum fugiat laboriosam aperiam odit quibusdam debitis quod omnis.', 3, '2018-12-28 14:33:15', '2018-12-28 14:33:15'),
(278, 35, 'Mr. Morton Johnston Jr.', 'Velit nam minus architecto velit totam occaecati officiis atque. Accusantium odio non qui ut amet commodi non. Earum animi debitis debitis inventore rerum. Quidem quis ea blanditiis odio voluptas in quia reiciendis. Vel neque blanditiis excepturi eos omnis cum ratione.', 4, '2018-12-28 14:33:15', '2018-12-28 14:33:15'),
(279, 31, 'Mr. Kobe Cassin Jr.', 'Non dolorem dicta laboriosam qui deleniti ipsum in. Rerum dicta aut ea illo in dolorem magni voluptas. Possimus eius nulla unde quia.', 3, '2018-12-28 14:33:15', '2018-12-28 14:33:15'),
(280, 19, 'Prof. Zander Mraz DDS', 'Sed dolores cum cupiditate sequi aliquid. Nesciunt repudiandae commodi amet aut voluptas in autem. Et nobis tempore repellendus autem magni perferendis.', 5, '2018-12-28 14:33:15', '2018-12-28 14:33:15'),
(281, 37, 'Lacy Schmeler', 'Est sed aut sed accusantium cum aut. Impedit temporibus distinctio maxime. Asperiores repellendus quasi qui et et aut. Molestiae est quaerat est. Mollitia architecto explicabo officiis itaque voluptatem vero veritatis alias.', 2, '2018-12-28 14:33:15', '2018-12-28 14:33:15'),
(282, 35, 'Miss Bernice Murphy', 'Aut aut eaque eaque enim numquam vel eos debitis. Ab consequatur aut enim et. Ea rerum est asperiores similique exercitationem et.', 1, '2018-12-28 14:33:15', '2018-12-28 14:33:15'),
(283, 11, 'Mr. Victor Dickens', 'Eius sit sint quo amet nihil et. Non qui dolor quis sit autem consequatur voluptates. Aut dicta et saepe ducimus. Officiis dolore odio accusantium ipsum enim.', 0, '2018-12-28 14:33:15', '2018-12-28 14:33:15'),
(284, 47, 'Dr. Terrance Reynolds DVM', 'Iure rem quam natus delectus quis fugit. Ullam non itaque qui enim numquam error quis distinctio. Nostrum quod et et reiciendis odio.', 1, '2018-12-28 14:33:15', '2018-12-28 14:33:15'),
(285, 46, 'Lexie Bernier', 'Delectus nemo reprehenderit officiis nisi eaque et voluptas. Maiores voluptate soluta quibusdam ut ratione voluptatibus qui. Alias vel sit explicabo accusantium et aut.', 4, '2018-12-28 14:33:15', '2018-12-28 14:33:15'),
(286, 36, 'Clint Homenick V', 'Incidunt ipsam qui doloremque commodi ut et occaecati et. Harum necessitatibus voluptatem qui molestiae enim eaque. Sequi nemo quidem unde eaque.', 4, '2018-12-28 14:33:15', '2018-12-28 14:33:15'),
(287, 10, 'Gilda Botsford Jr.', 'Quo corporis quis eum ut officiis eum est. Commodi temporibus quam ut dolorem.', 2, '2018-12-28 14:33:15', '2018-12-28 14:33:15'),
(288, 5, 'Dr. Syble Glover', 'Vero omnis voluptate fugit soluta. Repellat voluptatem vel est laudantium. Quisquam cupiditate quasi dolorum perferendis non soluta sed facere.', 3, '2018-12-28 14:33:15', '2018-12-28 14:33:15'),
(289, 37, 'Prof. Kristofer Schamberger', 'Quibusdam ut aliquid quaerat ab impedit dolorem voluptatem. Harum sit recusandae exercitationem qui unde. Maiores rerum sequi ut iste similique. Enim harum ut natus odit.', 5, '2018-12-28 14:33:15', '2018-12-28 14:33:15'),
(290, 48, 'Jonathan Stracke', 'Odio libero dolorem excepturi saepe. Unde vel dolorem dolorem rerum nam tempore.', 2, '2018-12-28 14:33:15', '2018-12-28 14:33:15'),
(291, 10, 'Hattie Hahn', 'Error facilis minima quisquam. Cum et eveniet ut molestias neque deserunt sequi. Voluptatem debitis nesciunt commodi pariatur nisi nesciunt. Rerum nam sed vel quod.', 5, '2018-12-28 14:33:15', '2018-12-28 14:33:15'),
(292, 9, 'Miss Lois Koepp PhD', 'Nisi enim eaque fugiat dolorum libero tempore et. Tempore eum non esse quibusdam perspiciatis repudiandae. Itaque asperiores et ut animi repellat modi aliquam. Et voluptas harum quia.', 0, '2018-12-28 14:33:15', '2018-12-28 14:33:15'),
(293, 45, 'Ms. Carlee Paucek II', 'Magni laborum saepe numquam dolores sunt excepturi provident. Quibusdam modi nesciunt neque ipsa corrupti. Distinctio non est error velit. In rem error optio ducimus. Est cupiditate reiciendis est nobis omnis itaque officia est.', 3, '2018-12-28 14:33:15', '2018-12-28 14:33:15'),
(294, 44, 'Mrs. Savanah Hill', 'Est consequatur ducimus atque commodi. Quis tempora est quo atque iste nostrum. Commodi labore magnam quaerat eveniet. Et vel est minima delectus ut sit tempora. Corrupti fugiat occaecati hic aliquam laudantium assumenda error.', 1, '2018-12-28 14:33:15', '2018-12-28 14:33:15'),
(295, 43, 'Dimitri Considine', 'Saepe magnam reprehenderit quidem quas molestias ratione. Velit laboriosam unde deserunt tempore velit iusto quae fugit. Cumque quam excepturi sit ex impedit inventore voluptatem.', 1, '2018-12-28 14:33:15', '2018-12-28 14:33:15'),
(296, 21, 'Ilene Kohler', 'Qui sed id eveniet et optio et. Asperiores voluptatibus et et. Veritatis enim harum maiores rerum. Exercitationem autem ullam dolorem voluptatem.', 4, '2018-12-28 14:33:15', '2018-12-28 14:33:15'),
(297, 32, 'Catherine Lockman', 'Et sit et eos voluptates. Unde non vel officiis eos iure assumenda. Velit quasi voluptas nostrum nam fuga quae. Ad ea in enim deserunt.', 4, '2018-12-28 14:33:15', '2018-12-28 14:33:15'),
(298, 22, 'Dr. Jayson Bednar', 'Provident molestias blanditiis ipsam. Quia blanditiis rem magni autem deserunt omnis. Explicabo porro blanditiis et expedita fugit eaque est. Ea aut tempore non quidem.', 4, '2018-12-28 14:33:15', '2018-12-28 14:33:15'),
(299, 43, 'Miss Esther Reynolds', 'Consequatur praesentium doloremque quia fugiat magni ratione. Doloremque recusandae voluptates asperiores eum blanditiis dolor. Accusantium consequatur iure magnam officiis est ad optio amet.', 1, '2018-12-28 14:33:15', '2018-12-28 14:33:15'),
(300, 21, 'Brant Wuckert', 'Fugit repellendus explicabo aspernatur rerum inventore eos. Deleniti rem perferendis voluptas provident in consequatur voluptatem. Tenetur id impedit laborum exercitationem iste. Aspernatur ipsa fugiat provident mollitia omnis quo. Blanditiis ut omnis deserunt sit ipsam perspiciatis natus.', 1, '2018-12-28 14:33:15', '2018-12-28 14:33:15');

-- --------------------------------------------------------

--
-- Table structure for table `users`
--

CREATE TABLE `users` (
  `id` int(10) UNSIGNED NOT NULL,
  `name` varchar(255) COLLATE utf8mb4_unicode_ci NOT NULL,
  `email` varchar(255) COLLATE utf8mb4_unicode_ci NOT NULL,
  `email_verified_at` timestamp NULL DEFAULT NULL,
  `password` varchar(255) COLLATE utf8mb4_unicode_ci NOT NULL,
  `remember_token` varchar(100) COLLATE utf8mb4_unicode_ci DEFAULT NULL,
  `created_at` timestamp NULL DEFAULT NULL,
  `updated_at` timestamp NULL DEFAULT NULL
) ENGINE=InnoDB DEFAULT CHARSET=utf8mb4 COLLATE=utf8mb4_unicode_ci;

--
-- Indexes for dumped tables
--

--
-- Indexes for table `migrations`
--
ALTER TABLE `migrations`
  ADD PRIMARY KEY (`id`);

--
-- Indexes for table `password_resets`
--
ALTER TABLE `password_resets`
  ADD KEY `password_resets_email_index` (`email`);

--
-- Indexes for table `products`
--
ALTER TABLE `products`
  ADD PRIMARY KEY (`id`);

--
-- Indexes for table `reviews`
--
ALTER TABLE `reviews`
  ADD PRIMARY KEY (`id`),
  ADD KEY `reviews_product_id_index` (`product_id`);

--
-- Indexes for table `users`
--
ALTER TABLE `users`
  ADD PRIMARY KEY (`id`),
  ADD UNIQUE KEY `users_email_unique` (`email`);

--
-- AUTO_INCREMENT for dumped tables
--

--
-- AUTO_INCREMENT for table `migrations`
--
ALTER TABLE `migrations`
  MODIFY `id` int(10) UNSIGNED NOT NULL AUTO_INCREMENT, AUTO_INCREMENT=5;

--
-- AUTO_INCREMENT for table `products`
--
ALTER TABLE `products`
  MODIFY `id` int(10) UNSIGNED NOT NULL AUTO_INCREMENT, AUTO_INCREMENT=51;

--
-- AUTO_INCREMENT for table `reviews`
--
ALTER TABLE `reviews`
  MODIFY `id` int(10) UNSIGNED NOT NULL AUTO_INCREMENT, AUTO_INCREMENT=301;

--
-- AUTO_INCREMENT for table `users`
--
ALTER TABLE `users`
  MODIFY `id` int(10) UNSIGNED NOT NULL AUTO_INCREMENT;

--
-- Constraints for dumped tables
--

--
-- Constraints for table `reviews`
--
ALTER TABLE `reviews`
  ADD CONSTRAINT `reviews_product_id_foreign` FOREIGN KEY (`product_id`) REFERENCES `products` (`id`) ON DELETE CASCADE;
COMMIT;

/*!40101 SET CHARACTER_SET_CLIENT=@OLD_CHARACTER_SET_CLIENT */;
/*!40101 SET CHARACTER_SET_RESULTS=@OLD_CHARACTER_SET_RESULTS */;
/*!40101 SET COLLATION_CONNECTION=@OLD_COLLATION_CONNECTION */;
